{"sleep":[{"awakeCount":0,"awakeDuration":0,"awakeningsCount":6,"dateOfSleep":"2016-04-02","duration":9120000,"efficiency":93,"isMainSleep":true,"logId":11282807984,"minuteData":[{"dateTime":"03:09:00","value":"2"},{"dateTime":"03:10:00","value":"2"},{"dateTime":"03:11:00","value":"2"},{"dateTime":"03:12:00","value":"1"},{"dateTime":"03:13:00","value":"1"},{"dateTime":"03:14:00","value":"1"},{"dateTime":"03:15:00","value":"1"},{"dateTime":"03:16:00","value":"1"},{"dateTime":"03:17:00","value":"1"},{"dateTime":"03:18:00","value":"1"},{"dateTime":"03:19:00","value":"1"},{"dateTime":"03:20:00","value":"1"},{"dateTime":"03:21:00","value":"1"},{"dateTime":"03:22:00","value":"1"},{"dateTime":"03:23:00","value":"1"},{"dateTime":"03:24:00","value":"1"},{"dateTime":"03:25:00","value":"1"},{"dateTime":"03:26:00","value":"1"},{"dateTime":"03:27:00","value":"1"},{"dateTime":"03:28:00","value":"1"},{"dateTime":"03:29:00","value":"1"},{"dateTime":"03:30:00","value":"1"},{"dateTime":"03:31:00","value":"1"},{"dateTime":"03:32:00","value":"1"},{"dateTime":"03:33:00","value":"1"},{"dateTime":"03:34:00","value":"1"},{"dateTime":"03:35:00","value":"1"},{"dateTime":"03:36:00","value":"1"},{"dateTime":"03:37:00","value":"1"},{"dateTime":"03:38:00","value":"1"},{"dateTime":"03:39:00","value":"1"},{"dateTime":"03:40:00","value":"1"},{"dateTime":"03:41:00","value":"1"},{"dateTime":"03:42:00","value":"1"},{"dateTime":"03:43:00","value":"1"},{"dateTime":"03:44:00","value":"1"},{"dateTime":"03:45:00","value":"1"},{"dateTime":"03:46:00","value":"1"},{"dateTime":"03:47:00","value":"1"},{"dateTime":"03:48:00","value":"1"},{"dateTime":"03:49:00","value":"1"},{"dateTime":"03:50:00","value":"1"},{"dateTime":"03:51:00","value":"1"},{"dateTime":"03:52:00","value":"1"},{"dateTime":"03:53:00","value":"1"},{"dateTime":"03:54:00","value":"1"},{"dateTime":"03:55:00","value":"1"},{"dateTime":"03:56:00","value":"1"},{"dateTime":"03:57:00","value":"1"},{"dateTime":"03:58:00","value":"1"},{"dateTime":"03:59:00","value":"1"},{"dateTime":"04:00:00","value":"1"},{"dateTime":"04:01:00","value":"1"},{"dateTime":"04:02:00","value":"1"},{"dateTime":"04:03:00","value":"1"},{"dateTime":"04:04:00","value":"1"},{"dateTime":"04:05:00","value":"2"},{"dateTime":"04:06:00","value":"1"},{"dateTime":"04:07:00","value":"1"},{"dateTime":"04:08:00","value":"1"},{"dateTime":"04:09:00","value":"1"},{"dateTime":"04:10:00","value":"1"},{"dateTime":"04:11:00","value":"1"},{"dateTime":"04:12:00","value":"1"},{"dateTime":"04:13:00","value":"1"},{"dateTime":"04:14:00","value":"1"},{"dateTime":"04:15:00","value":"1"},{"dateTime":"04:16:00","value":"1"},{"dateTime":"04:17:00","value":"1"},{"dateTime":"04:18:00","value":"1"},{"dateTime":"04:19:00","value":"1"},{"dateTime":"04:20:00","value":"1"},{"dateTime":"04:21:00","value":"1"},{"dateTime":"04:22:00","value":"1"},{"dateTime":"04:23:00","value":"1"},{"dateTime":"04:24:00","value":"1"},{"dateTime":"04:25:00","value":"1"},{"dateTime":"04:26:00","value":"1"},{"dateTime":"04:27:00","value":"1"},{"dateTime":"04:28:00","value":"1"},{"dateTime":"04:29:00","value":"1"},{"dateTime":"04:30:00","value":"1"},{"dateTime":"04:31:00","value":"2"},{"dateTime":"04:32:00","value":"2"},{"dateTime":"04:33:00","value":"2"},{"dateTime":"04:34:00","value":"1"},{"dateTime":"04:35:00","value":"1"},{"dateTime":"04:36:00","value":"1"},{"dateTime":"04:37:00","value":"1"},{"dateTime":"04:38:00","value":"1"},{"dateTime":"04:39:00","value":"1"},{"dateTime":"04:40:00","value":"1"},{"dateTime":"04:41:00","value":"1"},{"dateTime":"04:42:00","value":"1"},{"dateTime":"04:43:00","value":"1"},{"dateTime":"04:44:00","value":"1"},{"dateTime":"04:45:00","value":"1"},{"dateTime":"04:46:00","value":"1"},{"dateTime":"04:47:00","value":"1"},{"dateTime":"04:48:00","value":"1"},{"dateTime":"04:49:00","value":"1"},{"dateTime":"04:50:00","value":"1"},{"dateTime":"04:51:00","value":"1"},{"dateTime":"04:52:00","value":"1"},{"dateTime":"04:53:00","value":"1"},{"dateTime":"04:54:00","value":"1"},{"dateTime":"04:55:00","value":"1"},{"dateTime":"04:56:00","value":"1"},{"dateTime":"04:57:00","value":"1"},{"dateTime":"04:58:00","value":"1"},{"dateTime":"04:59:00","value":"1"},{"dateTime":"05:00:00","value":"1"},{"dateTime":"05:01:00","value":"1"},{"dateTime":"05:02:00","value":"1"},{"dateTime":"05:03:00","value":"1"},{"dateTime":"05:04:00","value":"1"},{"dateTime":"05:05:00","value":"2"},{"dateTime":"05:06:00","value":"1"},{"dateTime":"05:07:00","value":"1"},{"dateTime":"05:08:00","value":"1"},{"dateTime":"05:09:00","value":"1"},{"dateTime":"05:10:00","value":"1"},{"dateTime":"05:11:00","value":"1"},{"dateTime":"05:12:00","value":"1"},{"dateTime":"05:13:00","value":"1"},{"dateTime":"05:14:00","value":"2"},{"dateTime":"05:15:00","value":"1"},{"dateTime":"05:16:00","value":"1"},{"dateTime":"05:17:00","value":"1"},{"dateTime":"05:18:00","value":"1"},{"dateTime":"05:19:00","value":"1"},{"dateTime":"05:20:00","value":"1"},{"dateTime":"05:21:00","value":"1"},{"dateTime":"05:22:00","value":"1"},{"dateTime":"05:23:00","value":"1"},{"dateTime":"05:24:00","value":"1"},{"dateTime":"05:25:00","value":"2"},{"dateTime":"05:26:00","value":"1"},{"dateTime":"05:27:00","value":"1"},{"dateTime":"05:28:00","value":"1"},{"dateTime":"05:29:00","value":"1"},{"dateTime":"05:30:00","value":"1"},{"dateTime":"05:31:00","value":"1"},{"dateTime":"05:32:00","value":"1"},{"dateTime":"05:33:00","value":"1"},{"dateTime":"05:34:00","value":"1"},{"dateTime":"05:35:00","value":"1"},{"dateTime":"05:36:00","value":"1"},{"dateTime":"05:37:00","value":"1"},{"dateTime":"05:38:00","value":"1"},{"dateTime":"05:39:00","value":"1"},{"dateTime":"05:40:00","value":"1"}],"minutesAfterWakeup":0,"minutesAsleep":142,"minutesAwake":10,"minutesToFallAsleep":0,"restlessCount":6,"restlessDuration":10,"startTime":"2016-04-02T03:09:00.000","timeInBed":152}],"summary":{"totalMinutesAsleep":142,"totalSleepRecords":1,"totalTimeInBed":152}}