{"sleep":[{"awakeCount":1,"awakeDuration":1,"awakeningsCount":2,"dateOfSleep":"2016-04-01","duration":18720000,"efficiency":99,"isMainSleep":true,"logId":11273652134,"minuteData":[{"dateTime":"04:43:00","value":"3"},{"dateTime":"04:44:00","value":"2"},{"dateTime":"04:45:00","value":"2"},{"dateTime":"04:46:00","value":"2"},{"dateTime":"04:47:00","value":"1"},{"dateTime":"04:48:00","value":"1"},{"dateTime":"04:49:00","value":"1"},{"dateTime":"04:50:00","value":"1"},{"dateTime":"04:51:00","value":"1"},{"dateTime":"04:52:00","value":"1"},{"dateTime":"04:53:00","value":"1"},{"dateTime":"04:54:00","value":"1"},{"dateTime":"04:55:00","value":"1"},{"dateTime":"04:56:00","value":"1"},{"dateTime":"04:57:00","value":"1"},{"dateTime":"04:58:00","value":"1"},{"dateTime":"04:59:00","value":"1"},{"dateTime":"05:00:00","value":"1"},{"dateTime":"05:01:00","value":"1"},{"dateTime":"05:02:00","value":"1"},{"dateTime":"05:03:00","value":"1"},{"dateTime":"05:04:00","value":"1"},{"dateTime":"05:05:00","value":"1"},{"dateTime":"05:06:00","value":"1"},{"dateTime":"05:07:00","value":"1"},{"dateTime":"05:08:00","value":"1"},{"dateTime":"05:09:00","value":"1"},{"dateTime":"05:10:00","value":"1"},{"dateTime":"05:11:00","value":"1"},{"dateTime":"05:12:00","value":"1"},{"dateTime":"05:13:00","value":"1"},{"dateTime":"05:14:00","value":"1"},{"dateTime":"05:15:00","value":"1"},{"dateTime":"05:16:00","value":"1"},{"dateTime":"05:17:00","value":"1"},{"dateTime":"05:18:00","value":"1"},{"dateTime":"05:19:00","value":"1"},{"dateTime":"05:20:00","value":"1"},{"dateTime":"05:21:00","value":"1"},{"dateTime":"05:22:00","value":"1"},{"dateTime":"05:23:00","value":"1"},{"dateTime":"05:24:00","value":"1"},{"dateTime":"05:25:00","value":"1"},{"dateTime":"05:26:00","value":"1"},{"dateTime":"05:27:00","value":"1"},{"dateTime":"05:28:00","value":"1"},{"dateTime":"05:29:00","value":"1"},{"dateTime":"05:30:00","value":"1"},{"dateTime":"05:31:00","value":"1"},{"dateTime":"05:32:00","value":"1"},{"dateTime":"05:33:00","value":"1"},{"dateTime":"05:34:00","value":"1"},{"dateTime":"05:35:00","value":"1"},{"dateTime":"05:36:00","value":"1"},{"dateTime":"05:37:00","value":"1"},{"dateTime":"05:38:00","value":"1"},{"dateTime":"05:39:00","value":"1"},{"dateTime":"05:40:00","value":"1"},{"dateTime":"05:41:00","value":"1"},{"dateTime":"05:42:00","value":"1"},{"dateTime":"05:43:00","value":"1"},{"dateTime":"05:44:00","value":"1"},{"dateTime":"05:45:00","value":"1"},{"dateTime":"05:46:00","value":"1"},{"dateTime":"05:47:00","value":"1"},{"dateTime":"05:48:00","value":"1"},{"dateTime":"05:49:00","value":"1"},{"dateTime":"05:50:00","value":"1"},{"dateTime":"05:51:00","value":"1"},{"dateTime":"05:52:00","value":"1"},{"dateTime":"05:53:00","value":"1"},{"dateTime":"05:54:00","value":"1"},{"dateTime":"05:55:00","value":"1"},{"dateTime":"05:56:00","value":"1"},{"dateTime":"05:57:00","value":"1"},{"dateTime":"05:58:00","value":"1"},{"dateTime":"05:59:00","value":"1"},{"dateTime":"06:00:00","value":"1"},{"dateTime":"06:01:00","value":"1"},{"dateTime":"06:02:00","value":"1"},{"dateTime":"06:03:00","value":"1"},{"dateTime":"06:04:00","value":"1"},{"dateTime":"06:05:00","value":"1"},{"dateTime":"06:06:00","value":"1"},{"dateTime":"06:07:00","value":"1"},{"dateTime":"06:08:00","value":"1"},{"dateTime":"06:09:00","value":"1"},{"dateTime":"06:10:00","value":"1"},{"dateTime":"06:11:00","value":"1"},{"dateTime":"06:12:00","value":"1"},{"dateTime":"06:13:00","value":"1"},{"dateTime":"06:14:00","value":"1"},{"dateTime":"06:15:00","value":"1"},{"dateTime":"06:16:00","value":"1"},{"dateTime":"06:17:00","value":"1"},{"dateTime":"06:18:00","value":"1"},{"dateTime":"06:19:00","value":"1"},{"dateTime":"06:20:00","value":"1"},{"dateTime":"06:21:00","value":"1"},{"dateTime":"06:22:00","value":"1"},{"dateTime":"06:23:00","value":"1"},{"dateTime":"06:24:00","value":"1"},{"dateTime":"06:25:00","value":"1"},{"dateTime":"06:26:00","value":"1"},{"dateTime":"06:27:00","value":"1"},{"dateTime":"06:28:00","value":"1"},{"dateTime":"06:29:00","value":"1"},{"dateTime":"06:30:00","value":"1"},{"dateTime":"06:31:00","value":"1"},{"dateTime":"06:32:00","value":"1"},{"dateTime":"06:33:00","value":"1"},{"dateTime":"06:34:00","value":"1"},{"dateTime":"06:35:00","value":"1"},{"dateTime":"06:36:00","value":"1"},{"dateTime":"06:37:00","value":"1"},{"dateTime":"06:38:00","value":"1"},{"dateTime":"06:39:00","value":"1"},{"dateTime":"06:40:00","value":"1"},{"dateTime":"06:41:00","value":"1"},{"dateTime":"06:42:00","value":"1"},{"dateTime":"06:43:00","value":"1"},{"dateTime":"06:44:00","value":"1"},{"dateTime":"06:45:00","value":"1"},{"dateTime":"06:46:00","value":"1"},{"dateTime":"06:47:00","value":"1"},{"dateTime":"06:48:00","value":"1"},{"dateTime":"06:49:00","value":"1"},{"dateTime":"06:50:00","value":"1"},{"dateTime":"06:51:00","value":"1"},{"dateTime":"06:52:00","value":"1"},{"dateTime":"06:53:00","value":"1"},{"dateTime":"06:54:00","value":"1"},{"dateTime":"06:55:00","value":"1"},{"dateTime":"06:56:00","value":"1"},{"dateTime":"06:57:00","value":"1"},{"dateTime":"06:58:00","value":"1"},{"dateTime":"06:59:00","value":"1"},{"dateTime":"07:00:00","value":"1"},{"dateTime":"07:01:00","value":"1"},{"dateTime":"07:02:00","value":"1"},{"dateTime":"07:03:00","value":"1"},{"dateTime":"07:04:00","value":"1"},{"dateTime":"07:05:00","value":"1"},{"dateTime":"07:06:00","value":"1"},{"dateTime":"07:07:00","value":"1"},{"dateTime":"07:08:00","value":"1"},{"dateTime":"07:09:00","value":"1"},{"dateTime":"07:10:00","value":"1"},{"dateTime":"07:11:00","value":"1"},{"dateTime":"07:12:00","value":"1"},{"dateTime":"07:13:00","value":"1"},{"dateTime":"07:14:00","value":"1"},{"dateTime":"07:15:00","value":"1"},{"dateTime":"07:16:00","value":"1"},{"dateTime":"07:17:00","value":"1"},{"dateTime":"07:18:00","value":"1"},{"dateTime":"07:19:00","value":"1"},{"dateTime":"07:20:00","value":"1"},{"dateTime":"07:21:00","value":"1"},{"dateTime":"07:22:00","value":"1"},{"dateTime":"07:23:00","value":"1"},{"dateTime":"07:24:00","value":"1"},{"dateTime":"07:25:00","value":"1"},{"dateTime":"07:26:00","value":"1"},{"dateTime":"07:27:00","value":"1"},{"dateTime":"07:28:00","value":"1"},{"dateTime":"07:29:00","value":"1"},{"dateTime":"07:30:00","value":"1"},{"dateTime":"07:31:00","value":"1"},{"dateTime":"07:32:00","value":"1"},{"dateTime":"07:33:00","value":"1"},{"dateTime":"07:34:00","value":"1"},{"dateTime":"07:35:00","value":"1"},{"dateTime":"07:36:00","value":"1"},{"dateTime":"07:37:00","value":"1"},{"dateTime":"07:38:00","value":"1"},{"dateTime":"07:39:00","value":"1"},{"dateTime":"07:40:00","value":"1"},{"dateTime":"07:41:00","value":"1"},{"dateTime":"07:42:00","value":"1"},{"dateTime":"07:43:00","value":"1"},{"dateTime":"07:44:00","value":"1"},{"dateTime":"07:45:00","value":"1"},{"dateTime":"07:46:00","value":"1"},{"dateTime":"07:47:00","value":"1"},{"dateTime":"07:48:00","value":"1"},{"dateTime":"07:49:00","value":"1"},{"dateTime":"07:50:00","value":"1"},{"dateTime":"07:51:00","value":"1"},{"dateTime":"07:52:00","value":"1"},{"dateTime":"07:53:00","value":"1"},{"dateTime":"07:54:00","value":"1"},{"dateTime":"07:55:00","value":"1"},{"dateTime":"07:56:00","value":"1"},{"dateTime":"07:57:00","value":"1"},{"dateTime":"07:58:00","value":"1"},{"dateTime":"07:59:00","value":"1"},{"dateTime":"08:00:00","value":"1"},{"dateTime":"08:01:00","value":"1"},{"dateTime":"08:02:00","value":"1"},{"dateTime":"08:03:00","value":"1"},{"dateTime":"08:04:00","value":"1"},{"dateTime":"08:05:00","value":"1"},{"dateTime":"08:06:00","value":"1"},{"dateTime":"08:07:00","value":"1"},{"dateTime":"08:08:00","value":"1"},{"dateTime":"08:09:00","value":"1"},{"dateTime":"08:10:00","value":"1"},{"dateTime":"08:11:00","value":"1"},{"dateTime":"08:12:00","value":"1"},{"dateTime":"08:13:00","value":"1"},{"dateTime":"08:14:00","value":"1"},{"dateTime":"08:15:00","value":"1"},{"dateTime":"08:16:00","value":"1"},{"dateTime":"08:17:00","value":"1"},{"dateTime":"08:18:00","value":"1"},{"dateTime":"08:19:00","value":"1"},{"dateTime":"08:20:00","value":"1"},{"dateTime":"08:21:00","value":"1"},{"dateTime":"08:22:00","value":"1"},{"dateTime":"08:23:00","value":"1"},{"dateTime":"08:24:00","value":"1"},{"dateTime":"08:25:00","value":"1"},{"dateTime":"08:26:00","value":"1"},{"dateTime":"08:27:00","value":"1"},{"dateTime":"08:28:00","value":"1"},{"dateTime":"08:29:00","value":"1"},{"dateTime":"08:30:00","value":"1"},{"dateTime":"08:31:00","value":"1"},{"dateTime":"08:32:00","value":"1"},{"dateTime":"08:33:00","value":"1"},{"dateTime":"08:34:00","value":"1"},{"dateTime":"08:35:00","value":"1"},{"dateTime":"08:36:00","value":"1"},{"dateTime":"08:37:00","value":"1"},{"dateTime":"08:38:00","value":"1"},{"dateTime":"08:39:00","value":"1"},{"dateTime":"08:40:00","value":"1"},{"dateTime":"08:41:00","value":"1"},{"dateTime":"08:42:00","value":"1"},{"dateTime":"08:43:00","value":"1"},{"dateTime":"08:44:00","value":"1"},{"dateTime":"08:45:00","value":"1"},{"dateTime":"08:46:00","value":"1"},{"dateTime":"08:47:00","value":"1"},{"dateTime":"08:48:00","value":"1"},{"dateTime":"08:49:00","value":"1"},{"dateTime":"08:50:00","value":"1"},{"dateTime":"08:51:00","value":"1"},{"dateTime":"08:52:00","value":"1"},{"dateTime":"08:53:00","value":"1"},{"dateTime":"08:54:00","value":"1"},{"dateTime":"08:55:00","value":"1"},{"dateTime":"08:56:00","value":"1"},{"dateTime":"08:57:00","value":"1"},{"dateTime":"08:58:00","value":"1"},{"dateTime":"08:59:00","value":"1"},{"dateTime":"09:00:00","value":"1"},{"dateTime":"09:01:00","value":"1"},{"dateTime":"09:02:00","value":"1"},{"dateTime":"09:03:00","value":"1"},{"dateTime":"09:04:00","value":"1"},{"dateTime":"09:05:00","value":"1"},{"dateTime":"09:06:00","value":"1"},{"dateTime":"09:07:00","value":"1"},{"dateTime":"09:08:00","value":"1"},{"dateTime":"09:09:00","value":"1"},{"dateTime":"09:10:00","value":"1"},{"dateTime":"09:11:00","value":"1"},{"dateTime":"09:12:00","value":"1"},{"dateTime":"09:13:00","value":"1"},{"dateTime":"09:14:00","value":"1"},{"dateTime":"09:15:00","value":"1"},{"dateTime":"09:16:00","value":"1"},{"dateTime":"09:17:00","value":"1"},{"dateTime":"09:18:00","value":"1"},{"dateTime":"09:19:00","value":"1"},{"dateTime":"09:20:00","value":"1"},{"dateTime":"09:21:00","value":"1"},{"dateTime":"09:22:00","value":"1"},{"dateTime":"09:23:00","value":"1"},{"dateTime":"09:24:00","value":"1"},{"dateTime":"09:25:00","value":"1"},{"dateTime":"09:26:00","value":"1"},{"dateTime":"09:27:00","value":"1"},{"dateTime":"09:28:00","value":"1"},{"dateTime":"09:29:00","value":"1"},{"dateTime":"09:30:00","value":"1"},{"dateTime":"09:31:00","value":"1"},{"dateTime":"09:32:00","value":"1"},{"dateTime":"09:33:00","value":"1"},{"dateTime":"09:34:00","value":"1"},{"dateTime":"09:35:00","value":"1"},{"dateTime":"09:36:00","value":"1"},{"dateTime":"09:37:00","value":"1"},{"dateTime":"09:38:00","value":"1"},{"dateTime":"09:39:00","value":"1"},{"dateTime":"09:40:00","value":"1"},{"dateTime":"09:41:00","value":"1"},{"dateTime":"09:42:00","value":"1"},{"dateTime":"09:43:00","value":"1"},{"dateTime":"09:44:00","value":"1"},{"dateTime":"09:45:00","value":"1"},{"dateTime":"09:46:00","value":"1"},{"dateTime":"09:47:00","value":"1"},{"dateTime":"09:48:00","value":"1"},{"dateTime":"09:49:00","value":"1"},{"dateTime":"09:50:00","value":"1"},{"dateTime":"09:51:00","value":"1"},{"dateTime":"09:52:00","value":"1"},{"dateTime":"09:53:00","value":"1"},{"dateTime":"09:54:00","value":"1"}],"minutesAfterWakeup":0,"minutesAsleep":308,"minutesAwake":4,"minutesToFallAsleep":0,"restlessCount":1,"restlessDuration":3,"startTime":"2016-04-01T04:43:00.000","timeInBed":312},{"awakeCount":1,"awakeDuration":3,"awakeningsCount":6,"dateOfSleep":"2016-04-01","duration":7260000,"efficiency":92,"isMainSleep":false,"logId":11278186547,"minuteData":[{"dateTime":"19:02:00","value":"3"},{"dateTime":"19:03:00","value":"3"},{"dateTime":"19:04:00","value":"3"},{"dateTime":"19:05:00","value":"2"},{"dateTime":"19:06:00","value":"2"},{"dateTime":"19:07:00","value":"1"},{"dateTime":"19:08:00","value":"1"},{"dateTime":"19:09:00","value":"1"},{"dateTime":"19:10:00","value":"1"},{"dateTime":"19:11:00","value":"1"},{"dateTime":"19:12:00","value":"1"},{"dateTime":"19:13:00","value":"1"},{"dateTime":"19:14:00","value":"1"},{"dateTime":"19:15:00","value":"1"},{"dateTime":"19:16:00","value":"1"},{"dateTime":"19:17:00","value":"1"},{"dateTime":"19:18:00","value":"1"},{"dateTime":"19:19:00","value":"1"},{"dateTime":"19:20:00","value":"1"},{"dateTime":"19:21:00","value":"1"},{"dateTime":"19:22:00","value":"1"},{"dateTime":"19:23:00","value":"1"},{"dateTime":"19:24:00","value":"1"},{"dateTime":"19:25:00","value":"1"},{"dateTime":"19:26:00","value":"1"},{"dateTime":"19:27:00","value":"1"},{"dateTime":"19:28:00","value":"1"},{"dateTime":"19:29:00","value":"1"},{"dateTime":"19:30:00","value":"1"},{"dateTime":"19:31:00","value":"1"},{"dateTime":"19:32:00","value":"1"},{"dateTime":"19:33:00","value":"1"},{"dateTime":"19:34:00","value":"1"},{"dateTime":"19:35:00","value":"1"},{"dateTime":"19:36:00","value":"1"},{"dateTime":"19:37:00","value":"1"},{"dateTime":"19:38:00","value":"1"},{"dateTime":"19:39:00","value":"1"},{"dateTime":"19:40:00","value":"1"},{"dateTime":"19:41:00","value":"1"},{"dateTime":"19:42:00","value":"1"},{"dateTime":"19:43:00","value":"1"},{"dateTime":"19:44:00","value":"1"},{"dateTime":"19:45:00","value":"1"},{"dateTime":"19:46:00","value":"1"},{"dateTime":"19:47:00","value":"1"},{"dateTime":"19:48:00","value":"1"},{"dateTime":"19:49:00","value":"1"},{"dateTime":"19:50:00","value":"1"},{"dateTime":"19:51:00","value":"1"},{"dateTime":"19:52:00","value":"1"},{"dateTime":"19:53:00","value":"1"},{"dateTime":"19:54:00","value":"1"},{"dateTime":"19:55:00","value":"1"},{"dateTime":"19:56:00","value":"1"},{"dateTime":"19:57:00","value":"1"},{"dateTime":"19:58:00","value":"1"},{"dateTime":"19:59:00","value":"1"},{"dateTime":"20:00:00","value":"1"},{"dateTime":"20:01:00","value":"1"},{"dateTime":"20:02:00","value":"1"},{"dateTime":"20:03:00","value":"1"},{"dateTime":"20:04:00","value":"1"},{"dateTime":"20:05:00","value":"1"},{"dateTime":"20:06:00","value":"1"},{"dateTime":"20:07:00","value":"1"},{"dateTime":"20:08:00","value":"1"},{"dateTime":"20:09:00","value":"1"},{"dateTime":"20:10:00","value":"1"},{"dateTime":"20:11:00","value":"1"},{"dateTime":"20:12:00","value":"1"},{"dateTime":"20:13:00","value":"1"},{"dateTime":"20:14:00","value":"1"},{"dateTime":"20:15:00","value":"2"},{"dateTime":"20:16:00","value":"1"},{"dateTime":"20:17:00","value":"1"},{"dateTime":"20:18:00","value":"1"},{"dateTime":"20:19:00","value":"1"},{"dateTime":"20:20:00","value":"1"},{"dateTime":"20:21:00","value":"1"},{"dateTime":"20:22:00","value":"1"},{"dateTime":"20:23:00","value":"1"},{"dateTime":"20:24:00","value":"1"},{"dateTime":"20:25:00","value":"1"},{"dateTime":"20:26:00","value":"1"},{"dateTime":"20:27:00","value":"1"},{"dateTime":"20:28:00","value":"1"},{"dateTime":"20:29:00","value":"1"},{"dateTime":"20:30:00","value":"1"},{"dateTime":"20:31:00","value":"1"},{"dateTime":"20:32:00","value":"1"},{"dateTime":"20:33:00","value":"1"},{"dateTime":"20:34:00","value":"1"},{"dateTime":"20:35:00","value":"1"},{"dateTime":"20:36:00","value":"2"},{"dateTime":"20:37:00","value":"2"},{"dateTime":"20:38:00","value":"1"},{"dateTime":"20:39:00","value":"1"},{"dateTime":"20:40:00","value":"2"},{"dateTime":"20:41:00","value":"1"},{"dateTime":"20:42:00","value":"1"},{"dateTime":"20:43:00","value":"1"},{"dateTime":"20:44:00","value":"1"},{"dateTime":"20:45:00","value":"1"},{"dateTime":"20:46:00","value":"1"},{"dateTime":"20:47:00","value":"1"},{"dateTime":"20:48:00","value":"1"},{"dateTime":"20:49:00","value":"1"},{"dateTime":"20:50:00","value":"1"},{"dateTime":"20:51:00","value":"1"},{"dateTime":"20:52:00","value":"1"},{"dateTime":"20:53:00","value":"1"},{"dateTime":"20:54:00","value":"1"},{"dateTime":"20:55:00","value":"1"},{"dateTime":"20:56:00","value":"1"},{"dateTime":"20:57:00","value":"2"},{"dateTime":"20:58:00","value":"2"},{"dateTime":"20:59:00","value":"2"},{"dateTime":"21:00:00","value":"2"},{"dateTime":"21:01:00","value":"2"},{"dateTime":"21:02:00","value":"2"}],"minutesAfterWakeup":6,"minutesAsleep":106,"minutesAwake":9,"minutesToFallAsleep":0,"restlessCount":5,"restlessDuration":12,"startTime":"2016-04-01T19:02:00.000","timeInBed":121}],"summary":{"totalMinutesAsleep":414,"totalSleepRecords":2,"totalTimeInBed":433}}