{"sleep":[{"awakeCount":1,"awakeDuration":1,"awakeningsCount":8,"dateOfSleep":"2016-04-04","duration":9060000,"efficiency":92,"isMainSleep":true,"logId":11297950944,"minuteData":[{"dateTime":"07:16:00","value":"2"},{"dateTime":"07:17:00","value":"2"},{"dateTime":"07:18:00","value":"2"},{"dateTime":"07:19:00","value":"2"},{"dateTime":"07:20:00","value":"2"},{"dateTime":"07:21:00","value":"3"},{"dateTime":"07:22:00","value":"2"},{"dateTime":"07:23:00","value":"1"},{"dateTime":"07:24:00","value":"2"},{"dateTime":"07:25:00","value":"1"},{"dateTime":"07:26:00","value":"1"},{"dateTime":"07:27:00","value":"1"},{"dateTime":"07:28:00","value":"1"},{"dateTime":"07:29:00","value":"1"},{"dateTime":"07:30:00","value":"1"},{"dateTime":"07:31:00","value":"1"},{"dateTime":"07:32:00","value":"1"},{"dateTime":"07:33:00","value":"1"},{"dateTime":"07:34:00","value":"1"},{"dateTime":"07:35:00","value":"1"},{"dateTime":"07:36:00","value":"1"},{"dateTime":"07:37:00","value":"1"},{"dateTime":"07:38:00","value":"1"},{"dateTime":"07:39:00","value":"1"},{"dateTime":"07:40:00","value":"1"},{"dateTime":"07:41:00","value":"1"},{"dateTime":"07:42:00","value":"1"},{"dateTime":"07:43:00","value":"1"},{"dateTime":"07:44:00","value":"1"},{"dateTime":"07:45:00","value":"1"},{"dateTime":"07:46:00","value":"1"},{"dateTime":"07:47:00","value":"1"},{"dateTime":"07:48:00","value":"1"},{"dateTime":"07:49:00","value":"1"},{"dateTime":"07:50:00","value":"1"},{"dateTime":"07:51:00","value":"1"},{"dateTime":"07:52:00","value":"1"},{"dateTime":"07:53:00","value":"1"},{"dateTime":"07:54:00","value":"1"},{"dateTime":"07:55:00","value":"1"},{"dateTime":"07:56:00","value":"1"},{"dateTime":"07:57:00","value":"1"},{"dateTime":"07:58:00","value":"1"},{"dateTime":"07:59:00","value":"1"},{"dateTime":"08:00:00","value":"1"},{"dateTime":"08:01:00","value":"1"},{"dateTime":"08:02:00","value":"1"},{"dateTime":"08:03:00","value":"2"},{"dateTime":"08:04:00","value":"1"},{"dateTime":"08:05:00","value":"1"},{"dateTime":"08:06:00","value":"1"},{"dateTime":"08:07:00","value":"1"},{"dateTime":"08:08:00","value":"1"},{"dateTime":"08:09:00","value":"1"},{"dateTime":"08:10:00","value":"1"},{"dateTime":"08:11:00","value":"1"},{"dateTime":"08:12:00","value":"1"},{"dateTime":"08:13:00","value":"1"},{"dateTime":"08:14:00","value":"1"},{"dateTime":"08:15:00","value":"1"},{"dateTime":"08:16:00","value":"1"},{"dateTime":"08:17:00","value":"1"},{"dateTime":"08:18:00","value":"1"},{"dateTime":"08:19:00","value":"1"},{"dateTime":"08:20:00","value":"1"},{"dateTime":"08:21:00","value":"1"},{"dateTime":"08:22:00","value":"1"},{"dateTime":"08:23:00","value":"1"},{"dateTime":"08:24:00","value":"1"},{"dateTime":"08:25:00","value":"1"},{"dateTime":"08:26:00","value":"1"},{"dateTime":"08:27:00","value":"1"},{"dateTime":"08:28:00","value":"1"},{"dateTime":"08:29:00","value":"1"},{"dateTime":"08:30:00","value":"1"},{"dateTime":"08:31:00","value":"1"},{"dateTime":"08:32:00","value":"2"},{"dateTime":"08:33:00","value":"1"},{"dateTime":"08:34:00","value":"1"},{"dateTime":"08:35:00","value":"1"},{"dateTime":"08:36:00","value":"2"},{"dateTime":"08:37:00","value":"1"},{"dateTime":"08:38:00","value":"1"},{"dateTime":"08:39:00","value":"1"},{"dateTime":"08:40:00","value":"1"},{"dateTime":"08:41:00","value":"1"},{"dateTime":"08:42:00","value":"1"},{"dateTime":"08:43:00","value":"1"},{"dateTime":"08:44:00","value":"1"},{"dateTime":"08:45:00","value":"1"},{"dateTime":"08:46:00","value":"1"},{"dateTime":"08:47:00","value":"1"},{"dateTime":"08:48:00","value":"1"},{"dateTime":"08:49:00","value":"2"},{"dateTime":"08:50:00","value":"1"},{"dateTime":"08:51:00","value":"1"},{"dateTime":"08:52:00","value":"1"},{"dateTime":"08:53:00","value":"1"},{"dateTime":"08:54:00","value":"1"},{"dateTime":"08:55:00","value":"1"},{"dateTime":"08:56:00","value":"1"},{"dateTime":"08:57:00","value":"1"},{"dateTime":"08:58:00","value":"1"},{"dateTime":"08:59:00","value":"1"},{"dateTime":"09:00:00","value":"1"},{"dateTime":"09:01:00","value":"1"},{"dateTime":"09:02:00","value":"1"},{"dateTime":"09:03:00","value":"1"},{"dateTime":"09:04:00","value":"1"},{"dateTime":"09:05:00","value":"1"},{"dateTime":"09:06:00","value":"1"},{"dateTime":"09:07:00","value":"1"},{"dateTime":"09:08:00","value":"1"},{"dateTime":"09:09:00","value":"1"},{"dateTime":"09:10:00","value":"1"},{"dateTime":"09:11:00","value":"1"},{"dateTime":"09:12:00","value":"1"},{"dateTime":"09:13:00","value":"1"},{"dateTime":"09:14:00","value":"1"},{"dateTime":"09:15:00","value":"1"},{"dateTime":"09:16:00","value":"1"},{"dateTime":"09:17:00","value":"1"},{"dateTime":"09:18:00","value":"1"},{"dateTime":"09:19:00","value":"1"},{"dateTime":"09:20:00","value":"1"},{"dateTime":"09:21:00","value":"1"},{"dateTime":"09:22:00","value":"1"},{"dateTime":"09:23:00","value":"1"},{"dateTime":"09:24:00","value":"1"},{"dateTime":"09:25:00","value":"1"},{"dateTime":"09:26:00","value":"1"},{"dateTime":"09:27:00","value":"1"},{"dateTime":"09:28:00","value":"1"},{"dateTime":"09:29:00","value":"1"},{"dateTime":"09:30:00","value":"1"},{"dateTime":"09:31:00","value":"1"},{"dateTime":"09:32:00","value":"1"},{"dateTime":"09:33:00","value":"1"},{"dateTime":"09:34:00","value":"1"},{"dateTime":"09:35:00","value":"1"},{"dateTime":"09:36:00","value":"1"},{"dateTime":"09:37:00","value":"1"},{"dateTime":"09:38:00","value":"1"},{"dateTime":"09:39:00","value":"1"},{"dateTime":"09:40:00","value":"1"},{"dateTime":"09:41:00","value":"1"},{"dateTime":"09:42:00","value":"1"},{"dateTime":"09:43:00","value":"1"},{"dateTime":"09:44:00","value":"1"},{"dateTime":"09:45:00","value":"1"},{"dateTime":"09:46:00","value":"1"}],"minutesAfterWakeup":0,"minutesAsleep":139,"minutesAwake":12,"minutesToFallAsleep":0,"restlessCount":7,"restlessDuration":11,"startTime":"2016-04-04T07:16:00.000","timeInBed":151}],"summary":{"totalMinutesAsleep":139,"totalSleepRecords":1,"totalTimeInBed":151}}