{"sleep":[{"awakeCount":0,"awakeDuration":0,"awakeningsCount":8,"dateOfSleep":"2016-04-03","duration":28620000,"efficiency":99,"isMainSleep":true,"logId":11290180837,"minuteData":[{"dateTime":"02:37:30","value":"2"},{"dateTime":"02:38:30","value":"1"},{"dateTime":"02:39:30","value":"1"},{"dateTime":"02:40:30","value":"1"},{"dateTime":"02:41:30","value":"1"},{"dateTime":"02:42:30","value":"1"},{"dateTime":"02:43:30","value":"1"},{"dateTime":"02:44:30","value":"1"},{"dateTime":"02:45:30","value":"1"},{"dateTime":"02:46:30","value":"1"},{"dateTime":"02:47:30","value":"1"},{"dateTime":"02:48:30","value":"1"},{"dateTime":"02:49:30","value":"1"},{"dateTime":"02:50:30","value":"1"},{"dateTime":"02:51:30","value":"1"},{"dateTime":"02:52:30","value":"1"},{"dateTime":"02:53:30","value":"1"},{"dateTime":"02:54:30","value":"1"},{"dateTime":"02:55:30","value":"1"},{"dateTime":"02:56:30","value":"1"},{"dateTime":"02:57:30","value":"1"},{"dateTime":"02:58:30","value":"1"},{"dateTime":"02:59:30","value":"1"},{"dateTime":"03:00:30","value":"1"},{"dateTime":"03:01:30","value":"1"},{"dateTime":"03:02:30","value":"1"},{"dateTime":"03:03:30","value":"1"},{"dateTime":"03:04:30","value":"1"},{"dateTime":"03:05:30","value":"1"},{"dateTime":"03:06:30","value":"1"},{"dateTime":"03:07:30","value":"1"},{"dateTime":"03:08:30","value":"1"},{"dateTime":"03:09:30","value":"1"},{"dateTime":"03:10:30","value":"1"},{"dateTime":"03:11:30","value":"1"},{"dateTime":"03:12:30","value":"1"},{"dateTime":"03:13:30","value":"1"},{"dateTime":"03:14:30","value":"1"},{"dateTime":"03:15:30","value":"1"},{"dateTime":"03:16:30","value":"1"},{"dateTime":"03:17:30","value":"1"},{"dateTime":"03:18:30","value":"1"},{"dateTime":"03:19:30","value":"1"},{"dateTime":"03:20:30","value":"1"},{"dateTime":"03:21:30","value":"1"},{"dateTime":"03:22:30","value":"1"},{"dateTime":"03:23:30","value":"1"},{"dateTime":"03:24:30","value":"1"},{"dateTime":"03:25:30","value":"2"},{"dateTime":"03:26:30","value":"1"},{"dateTime":"03:27:30","value":"1"},{"dateTime":"03:28:30","value":"1"},{"dateTime":"03:29:30","value":"1"},{"dateTime":"03:30:30","value":"1"},{"dateTime":"03:31:30","value":"1"},{"dateTime":"03:32:30","value":"1"},{"dateTime":"03:33:30","value":"1"},{"dateTime":"03:34:30","value":"1"},{"dateTime":"03:35:30","value":"1"},{"dateTime":"03:36:30","value":"1"},{"dateTime":"03:37:30","value":"1"},{"dateTime":"03:38:30","value":"1"},{"dateTime":"03:39:30","value":"1"},{"dateTime":"03:40:30","value":"1"},{"dateTime":"03:41:30","value":"1"},{"dateTime":"03:42:30","value":"1"},{"dateTime":"03:43:30","value":"1"},{"dateTime":"03:44:30","value":"1"},{"dateTime":"03:45:30","value":"1"},{"dateTime":"03:46:30","value":"1"},{"dateTime":"03:47:30","value":"1"},{"dateTime":"03:48:30","value":"1"},{"dateTime":"03:49:30","value":"1"},{"dateTime":"03:50:30","value":"1"},{"dateTime":"03:51:30","value":"1"},{"dateTime":"03:52:30","value":"1"},{"dateTime":"03:53:30","value":"1"},{"dateTime":"03:54:30","value":"1"},{"dateTime":"03:55:30","value":"1"},{"dateTime":"03:56:30","value":"1"},{"dateTime":"03:57:30","value":"1"},{"dateTime":"03:58:30","value":"1"},{"dateTime":"03:59:30","value":"1"},{"dateTime":"04:00:30","value":"1"},{"dateTime":"04:01:30","value":"1"},{"dateTime":"04:02:30","value":"1"},{"dateTime":"04:03:30","value":"1"},{"dateTime":"04:04:30","value":"1"},{"dateTime":"04:05:30","value":"1"},{"dateTime":"04:06:30","value":"1"},{"dateTime":"04:07:30","value":"1"},{"dateTime":"04:08:30","value":"1"},{"dateTime":"04:09:30","value":"1"},{"dateTime":"04:10:30","value":"1"},{"dateTime":"04:11:30","value":"1"},{"dateTime":"04:12:30","value":"1"},{"dateTime":"04:13:30","value":"1"},{"dateTime":"04:14:30","value":"1"},{"dateTime":"04:15:30","value":"1"},{"dateTime":"04:16:30","value":"1"},{"dateTime":"04:17:30","value":"1"},{"dateTime":"04:18:30","value":"1"},{"dateTime":"04:19:30","value":"1"},{"dateTime":"04:20:30","value":"1"},{"dateTime":"04:21:30","value":"1"},{"dateTime":"04:22:30","value":"1"},{"dateTime":"04:23:30","value":"1"},{"dateTime":"04:24:30","value":"1"},{"dateTime":"04:25:30","value":"1"},{"dateTime":"04:26:30","value":"1"},{"dateTime":"04:27:30","value":"1"},{"dateTime":"04:28:30","value":"1"},{"dateTime":"04:29:30","value":"1"},{"dateTime":"04:30:30","value":"1"},{"dateTime":"04:31:30","value":"1"},{"dateTime":"04:32:30","value":"1"},{"dateTime":"04:33:30","value":"1"},{"dateTime":"04:34:30","value":"1"},{"dateTime":"04:35:30","value":"1"},{"dateTime":"04:36:30","value":"1"},{"dateTime":"04:37:30","value":"1"},{"dateTime":"04:38:30","value":"1"},{"dateTime":"04:39:30","value":"1"},{"dateTime":"04:40:30","value":"1"},{"dateTime":"04:41:30","value":"1"},{"dateTime":"04:42:30","value":"1"},{"dateTime":"04:43:30","value":"1"},{"dateTime":"04:44:30","value":"1"},{"dateTime":"04:45:30","value":"1"},{"dateTime":"04:46:30","value":"1"},{"dateTime":"04:47:30","value":"1"},{"dateTime":"04:48:30","value":"1"},{"dateTime":"04:49:30","value":"1"},{"dateTime":"04:50:30","value":"1"},{"dateTime":"04:51:30","value":"1"},{"dateTime":"04:52:30","value":"1"},{"dateTime":"04:53:30","value":"1"},{"dateTime":"04:54:30","value":"1"},{"dateTime":"04:55:30","value":"1"},{"dateTime":"04:56:30","value":"1"},{"dateTime":"04:57:30","value":"1"},{"dateTime":"04:58:30","value":"1"},{"dateTime":"04:59:30","value":"1"},{"dateTime":"05:00:30","value":"1"},{"dateTime":"05:01:30","value":"1"},{"dateTime":"05:02:30","value":"1"},{"dateTime":"05:03:30","value":"1"},{"dateTime":"05:04:30","value":"1"},{"dateTime":"05:05:30","value":"1"},{"dateTime":"05:06:30","value":"1"},{"dateTime":"05:07:30","value":"1"},{"dateTime":"05:08:30","value":"1"},{"dateTime":"05:09:30","value":"1"},{"dateTime":"05:10:30","value":"1"},{"dateTime":"05:11:30","value":"1"},{"dateTime":"05:12:30","value":"1"},{"dateTime":"05:13:30","value":"1"},{"dateTime":"05:14:30","value":"1"},{"dateTime":"05:15:30","value":"1"},{"dateTime":"05:16:30","value":"1"},{"dateTime":"05:17:30","value":"1"},{"dateTime":"05:18:30","value":"2"},{"dateTime":"05:19:30","value":"1"},{"dateTime":"05:20:30","value":"1"},{"dateTime":"05:21:30","value":"1"},{"dateTime":"05:22:30","value":"1"},{"dateTime":"05:23:30","value":"1"},{"dateTime":"05:24:30","value":"1"},{"dateTime":"05:25:30","value":"1"},{"dateTime":"05:26:30","value":"1"},{"dateTime":"05:27:30","value":"1"},{"dateTime":"05:28:30","value":"1"},{"dateTime":"05:29:30","value":"1"},{"dateTime":"05:30:30","value":"1"},{"dateTime":"05:31:30","value":"1"},{"dateTime":"05:32:30","value":"1"},{"dateTime":"05:33:30","value":"1"},{"dateTime":"05:34:30","value":"1"},{"dateTime":"05:35:30","value":"1"},{"dateTime":"05:36:30","value":"1"},{"dateTime":"05:37:30","value":"1"},{"dateTime":"05:38:30","value":"1"},{"dateTime":"05:39:30","value":"1"},{"dateTime":"05:40:30","value":"1"},{"dateTime":"05:41:30","value":"1"},{"dateTime":"05:42:30","value":"1"},{"dateTime":"05:43:30","value":"1"},{"dateTime":"05:44:30","value":"1"},{"dateTime":"05:45:30","value":"1"},{"dateTime":"05:46:30","value":"1"},{"dateTime":"05:47:30","value":"1"},{"dateTime":"05:48:30","value":"1"},{"dateTime":"05:49:30","value":"1"},{"dateTime":"05:50:30","value":"1"},{"dateTime":"05:51:30","value":"1"},{"dateTime":"05:52:30","value":"1"},{"dateTime":"05:53:30","value":"1"},{"dateTime":"05:54:30","value":"1"},{"dateTime":"05:55:30","value":"1"},{"dateTime":"05:56:30","value":"1"},{"dateTime":"05:57:30","value":"1"},{"dateTime":"05:58:30","value":"1"},{"dateTime":"05:59:30","value":"1"},{"dateTime":"06:00:30","value":"1"},{"dateTime":"06:01:30","value":"1"},{"dateTime":"06:02:30","value":"1"},{"dateTime":"06:03:30","value":"1"},{"dateTime":"06:04:30","value":"1"},{"dateTime":"06:05:30","value":"1"},{"dateTime":"06:06:30","value":"1"},{"dateTime":"06:07:30","value":"1"},{"dateTime":"06:08:30","value":"1"},{"dateTime":"06:09:30","value":"1"},{"dateTime":"06:10:30","value":"1"},{"dateTime":"06:11:30","value":"1"},{"dateTime":"06:12:30","value":"1"},{"dateTime":"06:13:30","value":"1"},{"dateTime":"06:14:30","value":"1"},{"dateTime":"06:15:30","value":"1"},{"dateTime":"06:16:30","value":"1"},{"dateTime":"06:17:30","value":"1"},{"dateTime":"06:18:30","value":"1"},{"dateTime":"06:19:30","value":"2"},{"dateTime":"06:20:30","value":"1"},{"dateTime":"06:21:30","value":"1"},{"dateTime":"06:22:30","value":"1"},{"dateTime":"06:23:30","value":"1"},{"dateTime":"06:24:30","value":"1"},{"dateTime":"06:25:30","value":"1"},{"dateTime":"06:26:30","value":"1"},{"dateTime":"06:27:30","value":"1"},{"dateTime":"06:28:30","value":"1"},{"dateTime":"06:29:30","value":"1"},{"dateTime":"06:30:30","value":"1"},{"dateTime":"06:31:30","value":"1"},{"dateTime":"06:32:30","value":"1"},{"dateTime":"06:33:30","value":"1"},{"dateTime":"06:34:30","value":"1"},{"dateTime":"06:35:30","value":"1"},{"dateTime":"06:36:30","value":"1"},{"dateTime":"06:37:30","value":"1"},{"dateTime":"06:38:30","value":"1"},{"dateTime":"06:39:30","value":"1"},{"dateTime":"06:40:30","value":"1"},{"dateTime":"06:41:30","value":"1"},{"dateTime":"06:42:30","value":"1"},{"dateTime":"06:43:30","value":"1"},{"dateTime":"06:44:30","value":"1"},{"dateTime":"06:45:30","value":"1"},{"dateTime":"06:46:30","value":"1"},{"dateTime":"06:47:30","value":"1"},{"dateTime":"06:48:30","value":"1"},{"dateTime":"06:49:30","value":"1"},{"dateTime":"06:50:30","value":"1"},{"dateTime":"06:51:30","value":"1"},{"dateTime":"06:52:30","value":"1"},{"dateTime":"06:53:30","value":"1"},{"dateTime":"06:54:30","value":"1"},{"dateTime":"06:55:30","value":"1"},{"dateTime":"06:56:30","value":"1"},{"dateTime":"06:57:30","value":"1"},{"dateTime":"06:58:30","value":"1"},{"dateTime":"06:59:30","value":"1"},{"dateTime":"07:00:30","value":"1"},{"dateTime":"07:01:30","value":"1"},{"dateTime":"07:02:30","value":"1"},{"dateTime":"07:03:30","value":"1"},{"dateTime":"07:04:30","value":"1"},{"dateTime":"07:05:30","value":"1"},{"dateTime":"07:06:30","value":"1"},{"dateTime":"07:07:30","value":"1"},{"dateTime":"07:08:30","value":"1"},{"dateTime":"07:09:30","value":"1"},{"dateTime":"07:10:30","value":"1"},{"dateTime":"07:11:30","value":"1"},{"dateTime":"07:12:30","value":"1"},{"dateTime":"07:13:30","value":"1"},{"dateTime":"07:14:30","value":"1"},{"dateTime":"07:15:30","value":"1"},{"dateTime":"07:16:30","value":"1"},{"dateTime":"07:17:30","value":"1"},{"dateTime":"07:18:30","value":"1"},{"dateTime":"07:19:30","value":"1"},{"dateTime":"07:20:30","value":"1"},{"dateTime":"07:21:30","value":"1"},{"dateTime":"07:22:30","value":"1"},{"dateTime":"07:23:30","value":"1"},{"dateTime":"07:24:30","value":"1"},{"dateTime":"07:25:30","value":"1"},{"dateTime":"07:26:30","value":"1"},{"dateTime":"07:27:30","value":"1"},{"dateTime":"07:28:30","value":"1"},{"dateTime":"07:29:30","value":"1"},{"dateTime":"07:30:30","value":"1"},{"dateTime":"07:31:30","value":"1"},{"dateTime":"07:32:30","value":"1"},{"dateTime":"07:33:30","value":"1"},{"dateTime":"07:34:30","value":"1"},{"dateTime":"07:35:30","value":"1"},{"dateTime":"07:36:30","value":"1"},{"dateTime":"07:37:30","value":"1"},{"dateTime":"07:38:30","value":"1"},{"dateTime":"07:39:30","value":"1"},{"dateTime":"07:40:30","value":"1"},{"dateTime":"07:41:30","value":"1"},{"dateTime":"07:42:30","value":"1"},{"dateTime":"07:43:30","value":"1"},{"dateTime":"07:44:30","value":"1"},{"dateTime":"07:45:30","value":"1"},{"dateTime":"07:46:30","value":"1"},{"dateTime":"07:47:30","value":"1"},{"dateTime":"07:48:30","value":"1"},{"dateTime":"07:49:30","value":"1"},{"dateTime":"07:50:30","value":"1"},{"dateTime":"07:51:30","value":"1"},{"dateTime":"07:52:30","value":"1"},{"dateTime":"07:53:30","value":"1"},{"dateTime":"07:54:30","value":"1"},{"dateTime":"07:55:30","value":"1"},{"dateTime":"07:56:30","value":"1"},{"dateTime":"07:57:30","value":"1"},{"dateTime":"07:58:30","value":"1"},{"dateTime":"07:59:30","value":"1"},{"dateTime":"08:00:30","value":"1"},{"dateTime":"08:01:30","value":"1"},{"dateTime":"08:02:30","value":"1"},{"dateTime":"08:03:30","value":"1"},{"dateTime":"08:04:30","value":"1"},{"dateTime":"08:05:30","value":"1"},{"dateTime":"08:06:30","value":"1"},{"dateTime":"08:07:30","value":"1"},{"dateTime":"08:08:30","value":"1"},{"dateTime":"08:09:30","value":"1"},{"dateTime":"08:10:30","value":"1"},{"dateTime":"08:11:30","value":"1"},{"dateTime":"08:12:30","value":"1"},{"dateTime":"08:13:30","value":"1"},{"dateTime":"08:14:30","value":"1"},{"dateTime":"08:15:30","value":"1"},{"dateTime":"08:16:30","value":"1"},{"dateTime":"08:17:30","value":"1"},{"dateTime":"08:18:30","value":"1"},{"dateTime":"08:19:30","value":"1"},{"dateTime":"08:20:30","value":"1"},{"dateTime":"08:21:30","value":"1"},{"dateTime":"08:22:30","value":"1"},{"dateTime":"08:23:30","value":"1"},{"dateTime":"08:24:30","value":"1"},{"dateTime":"08:25:30","value":"1"},{"dateTime":"08:26:30","value":"1"},{"dateTime":"08:27:30","value":"1"},{"dateTime":"08:28:30","value":"1"},{"dateTime":"08:29:30","value":"1"},{"dateTime":"08:30:30","value":"2"},{"dateTime":"08:31:30","value":"1"},{"dateTime":"08:32:30","value":"1"},{"dateTime":"08:33:30","value":"1"},{"dateTime":"08:34:30","value":"1"},{"dateTime":"08:35:30","value":"1"},{"dateTime":"08:36:30","value":"1"},{"dateTime":"08:37:30","value":"1"},{"dateTime":"08:38:30","value":"1"},{"dateTime":"08:39:30","value":"1"},{"dateTime":"08:40:30","value":"1"},{"dateTime":"08:41:30","value":"1"},{"dateTime":"08:42:30","value":"1"},{"dateTime":"08:43:30","value":"1"},{"dateTime":"08:44:30","value":"1"},{"dateTime":"08:45:30","value":"1"},{"dateTime":"08:46:30","value":"1"},{"dateTime":"08:47:30","value":"1"},{"dateTime":"08:48:30","value":"1"},{"dateTime":"08:49:30","value":"1"},{"dateTime":"08:50:30","value":"1"},{"dateTime":"08:51:30","value":"1"},{"dateTime":"08:52:30","value":"1"},{"dateTime":"08:53:30","value":"1"},{"dateTime":"08:54:30","value":"1"},{"dateTime":"08:55:30","value":"1"},{"dateTime":"08:56:30","value":"1"},{"dateTime":"08:57:30","value":"1"},{"dateTime":"08:58:30","value":"1"},{"dateTime":"08:59:30","value":"1"},{"dateTime":"09:00:30","value":"1"},{"dateTime":"09:01:30","value":"1"},{"dateTime":"09:02:30","value":"1"},{"dateTime":"09:03:30","value":"1"},{"dateTime":"09:04:30","value":"1"},{"dateTime":"09:05:30","value":"1"},{"dateTime":"09:06:30","value":"1"},{"dateTime":"09:07:30","value":"2"},{"dateTime":"09:08:30","value":"1"},{"dateTime":"09:09:30","value":"1"},{"dateTime":"09:10:30","value":"1"},{"dateTime":"09:11:30","value":"2"},{"dateTime":"09:12:30","value":"1"},{"dateTime":"09:13:30","value":"1"},{"dateTime":"09:14:30","value":"1"},{"dateTime":"09:15:30","value":"1"},{"dateTime":"09:16:30","value":"1"},{"dateTime":"09:17:30","value":"1"},{"dateTime":"09:18:30","value":"1"},{"dateTime":"09:19:30","value":"1"},{"dateTime":"09:20:30","value":"1"},{"dateTime":"09:21:30","value":"1"},{"dateTime":"09:22:30","value":"1"},{"dateTime":"09:23:30","value":"1"},{"dateTime":"09:24:30","value":"1"},{"dateTime":"09:25:30","value":"1"},{"dateTime":"09:26:30","value":"1"},{"dateTime":"09:27:30","value":"1"},{"dateTime":"09:28:30","value":"1"},{"dateTime":"09:29:30","value":"1"},{"dateTime":"09:30:30","value":"1"},{"dateTime":"09:31:30","value":"1"},{"dateTime":"09:32:30","value":"1"},{"dateTime":"09:33:30","value":"1"},{"dateTime":"09:34:30","value":"1"},{"dateTime":"09:35:30","value":"1"},{"dateTime":"09:36:30","value":"1"},{"dateTime":"09:37:30","value":"1"},{"dateTime":"09:38:30","value":"1"},{"dateTime":"09:39:30","value":"1"},{"dateTime":"09:40:30","value":"1"},{"dateTime":"09:41:30","value":"1"},{"dateTime":"09:42:30","value":"1"},{"dateTime":"09:43:30","value":"1"},{"dateTime":"09:44:30","value":"1"},{"dateTime":"09:45:30","value":"1"},{"dateTime":"09:46:30","value":"1"},{"dateTime":"09:47:30","value":"1"},{"dateTime":"09:48:30","value":"1"},{"dateTime":"09:49:30","value":"1"},{"dateTime":"09:50:30","value":"1"},{"dateTime":"09:51:30","value":"1"},{"dateTime":"09:52:30","value":"1"},{"dateTime":"09:53:30","value":"1"},{"dateTime":"09:54:30","value":"1"},{"dateTime":"09:55:30","value":"1"},{"dateTime":"09:56:30","value":"1"},{"dateTime":"09:57:30","value":"1"},{"dateTime":"09:58:30","value":"1"},{"dateTime":"09:59:30","value":"1"},{"dateTime":"10:00:30","value":"1"},{"dateTime":"10:01:30","value":"1"},{"dateTime":"10:02:30","value":"1"},{"dateTime":"10:03:30","value":"1"},{"dateTime":"10:04:30","value":"1"},{"dateTime":"10:05:30","value":"1"},{"dateTime":"10:06:30","value":"1"},{"dateTime":"10:07:30","value":"1"},{"dateTime":"10:08:30","value":"1"},{"dateTime":"10:09:30","value":"1"},{"dateTime":"10:10:30","value":"1"},{"dateTime":"10:11:30","value":"1"},{"dateTime":"10:12:30","value":"1"},{"dateTime":"10:13:30","value":"1"},{"dateTime":"10:14:30","value":"1"},{"dateTime":"10:15:30","value":"1"},{"dateTime":"10:16:30","value":"1"},{"dateTime":"10:17:30","value":"1"},{"dateTime":"10:18:30","value":"1"},{"dateTime":"10:19:30","value":"1"},{"dateTime":"10:20:30","value":"1"},{"dateTime":"10:21:30","value":"1"},{"dateTime":"10:22:30","value":"1"},{"dateTime":"10:23:30","value":"1"},{"dateTime":"10:24:30","value":"1"},{"dateTime":"10:25:30","value":"1"},{"dateTime":"10:26:30","value":"1"},{"dateTime":"10:27:30","value":"1"},{"dateTime":"10:28:30","value":"1"},{"dateTime":"10:29:30","value":"1"},{"dateTime":"10:30:30","value":"1"},{"dateTime":"10:31:30","value":"1"},{"dateTime":"10:32:30","value":"1"},{"dateTime":"10:33:30","value":"2"}],"minutesAfterWakeup":1,"minutesAsleep":469,"minutesAwake":7,"minutesToFallAsleep":0,"restlessCount":8,"restlessDuration":8,"startTime":"2016-04-03T02:37:30.000","timeInBed":477}],"summary":{"totalMinutesAsleep":469,"totalSleepRecords":1,"totalTimeInBed":477}}