{"sleep":[{"awakeCount":1,"awakeDuration":1,"awakeningsCount":12,"dateOfSleep":"2016-04-05","duration":26520000,"efficiency":97,"isMainSleep":true,"logId":11307711022,"minuteData":[{"dateTime":"02:15:00","value":"2"},{"dateTime":"02:16:00","value":"3"},{"dateTime":"02:17:00","value":"2"},{"dateTime":"02:18:00","value":"2"},{"dateTime":"02:19:00","value":"1"},{"dateTime":"02:20:00","value":"1"},{"dateTime":"02:21:00","value":"1"},{"dateTime":"02:22:00","value":"1"},{"dateTime":"02:23:00","value":"1"},{"dateTime":"02:24:00","value":"1"},{"dateTime":"02:25:00","value":"1"},{"dateTime":"02:26:00","value":"1"},{"dateTime":"02:27:00","value":"1"},{"dateTime":"02:28:00","value":"1"},{"dateTime":"02:29:00","value":"1"},{"dateTime":"02:30:00","value":"1"},{"dateTime":"02:31:00","value":"1"},{"dateTime":"02:32:00","value":"1"},{"dateTime":"02:33:00","value":"1"},{"dateTime":"02:34:00","value":"1"},{"dateTime":"02:35:00","value":"1"},{"dateTime":"02:36:00","value":"1"},{"dateTime":"02:37:00","value":"1"},{"dateTime":"02:38:00","value":"1"},{"dateTime":"02:39:00","value":"1"},{"dateTime":"02:40:00","value":"1"},{"dateTime":"02:41:00","value":"1"},{"dateTime":"02:42:00","value":"1"},{"dateTime":"02:43:00","value":"1"},{"dateTime":"02:44:00","value":"1"},{"dateTime":"02:45:00","value":"1"},{"dateTime":"02:46:00","value":"1"},{"dateTime":"02:47:00","value":"1"},{"dateTime":"02:48:00","value":"1"},{"dateTime":"02:49:00","value":"1"},{"dateTime":"02:50:00","value":"1"},{"dateTime":"02:51:00","value":"1"},{"dateTime":"02:52:00","value":"1"},{"dateTime":"02:53:00","value":"1"},{"dateTime":"02:54:00","value":"1"},{"dateTime":"02:55:00","value":"1"},{"dateTime":"02:56:00","value":"1"},{"dateTime":"02:57:00","value":"1"},{"dateTime":"02:58:00","value":"1"},{"dateTime":"02:59:00","value":"1"},{"dateTime":"03:00:00","value":"1"},{"dateTime":"03:01:00","value":"1"},{"dateTime":"03:02:00","value":"1"},{"dateTime":"03:03:00","value":"1"},{"dateTime":"03:04:00","value":"1"},{"dateTime":"03:05:00","value":"1"},{"dateTime":"03:06:00","value":"1"},{"dateTime":"03:07:00","value":"1"},{"dateTime":"03:08:00","value":"1"},{"dateTime":"03:09:00","value":"1"},{"dateTime":"03:10:00","value":"1"},{"dateTime":"03:11:00","value":"1"},{"dateTime":"03:12:00","value":"1"},{"dateTime":"03:13:00","value":"1"},{"dateTime":"03:14:00","value":"1"},{"dateTime":"03:15:00","value":"1"},{"dateTime":"03:16:00","value":"1"},{"dateTime":"03:17:00","value":"1"},{"dateTime":"03:18:00","value":"1"},{"dateTime":"03:19:00","value":"1"},{"dateTime":"03:20:00","value":"1"},{"dateTime":"03:21:00","value":"1"},{"dateTime":"03:22:00","value":"1"},{"dateTime":"03:23:00","value":"1"},{"dateTime":"03:24:00","value":"1"},{"dateTime":"03:25:00","value":"1"},{"dateTime":"03:26:00","value":"1"},{"dateTime":"03:27:00","value":"1"},{"dateTime":"03:28:00","value":"1"},{"dateTime":"03:29:00","value":"1"},{"dateTime":"03:30:00","value":"1"},{"dateTime":"03:31:00","value":"1"},{"dateTime":"03:32:00","value":"1"},{"dateTime":"03:33:00","value":"1"},{"dateTime":"03:34:00","value":"1"},{"dateTime":"03:35:00","value":"1"},{"dateTime":"03:36:00","value":"1"},{"dateTime":"03:37:00","value":"1"},{"dateTime":"03:38:00","value":"1"},{"dateTime":"03:39:00","value":"1"},{"dateTime":"03:40:00","value":"1"},{"dateTime":"03:41:00","value":"1"},{"dateTime":"03:42:00","value":"1"},{"dateTime":"03:43:00","value":"1"},{"dateTime":"03:44:00","value":"1"},{"dateTime":"03:45:00","value":"1"},{"dateTime":"03:46:00","value":"1"},{"dateTime":"03:47:00","value":"1"},{"dateTime":"03:48:00","value":"1"},{"dateTime":"03:49:00","value":"1"},{"dateTime":"03:50:00","value":"1"},{"dateTime":"03:51:00","value":"1"},{"dateTime":"03:52:00","value":"1"},{"dateTime":"03:53:00","value":"1"},{"dateTime":"03:54:00","value":"1"},{"dateTime":"03:55:00","value":"1"},{"dateTime":"03:56:00","value":"2"},{"dateTime":"03:57:00","value":"2"},{"dateTime":"03:58:00","value":"1"},{"dateTime":"03:59:00","value":"1"},{"dateTime":"04:00:00","value":"1"},{"dateTime":"04:01:00","value":"1"},{"dateTime":"04:02:00","value":"1"},{"dateTime":"04:03:00","value":"1"},{"dateTime":"04:04:00","value":"1"},{"dateTime":"04:05:00","value":"1"},{"dateTime":"04:06:00","value":"1"},{"dateTime":"04:07:00","value":"1"},{"dateTime":"04:08:00","value":"1"},{"dateTime":"04:09:00","value":"1"},{"dateTime":"04:10:00","value":"1"},{"dateTime":"04:11:00","value":"1"},{"dateTime":"04:12:00","value":"1"},{"dateTime":"04:13:00","value":"1"},{"dateTime":"04:14:00","value":"1"},{"dateTime":"04:15:00","value":"1"},{"dateTime":"04:16:00","value":"1"},{"dateTime":"04:17:00","value":"1"},{"dateTime":"04:18:00","value":"1"},{"dateTime":"04:19:00","value":"1"},{"dateTime":"04:20:00","value":"1"},{"dateTime":"04:21:00","value":"1"},{"dateTime":"04:22:00","value":"1"},{"dateTime":"04:23:00","value":"1"},{"dateTime":"04:24:00","value":"1"},{"dateTime":"04:25:00","value":"1"},{"dateTime":"04:26:00","value":"1"},{"dateTime":"04:27:00","value":"1"},{"dateTime":"04:28:00","value":"1"},{"dateTime":"04:29:00","value":"1"},{"dateTime":"04:30:00","value":"1"},{"dateTime":"04:31:00","value":"1"},{"dateTime":"04:32:00","value":"1"},{"dateTime":"04:33:00","value":"1"},{"dateTime":"04:34:00","value":"1"},{"dateTime":"04:35:00","value":"1"},{"dateTime":"04:36:00","value":"1"},{"dateTime":"04:37:00","value":"1"},{"dateTime":"04:38:00","value":"1"},{"dateTime":"04:39:00","value":"1"},{"dateTime":"04:40:00","value":"1"},{"dateTime":"04:41:00","value":"1"},{"dateTime":"04:42:00","value":"1"},{"dateTime":"04:43:00","value":"1"},{"dateTime":"04:44:00","value":"1"},{"dateTime":"04:45:00","value":"1"},{"dateTime":"04:46:00","value":"1"},{"dateTime":"04:47:00","value":"1"},{"dateTime":"04:48:00","value":"1"},{"dateTime":"04:49:00","value":"1"},{"dateTime":"04:50:00","value":"1"},{"dateTime":"04:51:00","value":"1"},{"dateTime":"04:52:00","value":"1"},{"dateTime":"04:53:00","value":"1"},{"dateTime":"04:54:00","value":"1"},{"dateTime":"04:55:00","value":"1"},{"dateTime":"04:56:00","value":"1"},{"dateTime":"04:57:00","value":"1"},{"dateTime":"04:58:00","value":"1"},{"dateTime":"04:59:00","value":"1"},{"dateTime":"05:00:00","value":"1"},{"dateTime":"05:01:00","value":"1"},{"dateTime":"05:02:00","value":"1"},{"dateTime":"05:03:00","value":"1"},{"dateTime":"05:04:00","value":"1"},{"dateTime":"05:05:00","value":"1"},{"dateTime":"05:06:00","value":"1"},{"dateTime":"05:07:00","value":"1"},{"dateTime":"05:08:00","value":"1"},{"dateTime":"05:09:00","value":"1"},{"dateTime":"05:10:00","value":"1"},{"dateTime":"05:11:00","value":"1"},{"dateTime":"05:12:00","value":"1"},{"dateTime":"05:13:00","value":"1"},{"dateTime":"05:14:00","value":"1"},{"dateTime":"05:15:00","value":"1"},{"dateTime":"05:16:00","value":"1"},{"dateTime":"05:17:00","value":"1"},{"dateTime":"05:18:00","value":"1"},{"dateTime":"05:19:00","value":"1"},{"dateTime":"05:20:00","value":"1"},{"dateTime":"05:21:00","value":"1"},{"dateTime":"05:22:00","value":"1"},{"dateTime":"05:23:00","value":"1"},{"dateTime":"05:24:00","value":"1"},{"dateTime":"05:25:00","value":"1"},{"dateTime":"05:26:00","value":"1"},{"dateTime":"05:27:00","value":"1"},{"dateTime":"05:28:00","value":"1"},{"dateTime":"05:29:00","value":"1"},{"dateTime":"05:30:00","value":"1"},{"dateTime":"05:31:00","value":"1"},{"dateTime":"05:32:00","value":"1"},{"dateTime":"05:33:00","value":"1"},{"dateTime":"05:34:00","value":"1"},{"dateTime":"05:35:00","value":"1"},{"dateTime":"05:36:00","value":"1"},{"dateTime":"05:37:00","value":"1"},{"dateTime":"05:38:00","value":"1"},{"dateTime":"05:39:00","value":"1"},{"dateTime":"05:40:00","value":"1"},{"dateTime":"05:41:00","value":"1"},{"dateTime":"05:42:00","value":"1"},{"dateTime":"05:43:00","value":"1"},{"dateTime":"05:44:00","value":"1"},{"dateTime":"05:45:00","value":"1"},{"dateTime":"05:46:00","value":"1"},{"dateTime":"05:47:00","value":"1"},{"dateTime":"05:48:00","value":"1"},{"dateTime":"05:49:00","value":"1"},{"dateTime":"05:50:00","value":"1"},{"dateTime":"05:51:00","value":"1"},{"dateTime":"05:52:00","value":"1"},{"dateTime":"05:53:00","value":"1"},{"dateTime":"05:54:00","value":"1"},{"dateTime":"05:55:00","value":"1"},{"dateTime":"05:56:00","value":"1"},{"dateTime":"05:57:00","value":"1"},{"dateTime":"05:58:00","value":"1"},{"dateTime":"05:59:00","value":"1"},{"dateTime":"06:00:00","value":"1"},{"dateTime":"06:01:00","value":"1"},{"dateTime":"06:02:00","value":"1"},{"dateTime":"06:03:00","value":"1"},{"dateTime":"06:04:00","value":"1"},{"dateTime":"06:05:00","value":"1"},{"dateTime":"06:06:00","value":"1"},{"dateTime":"06:07:00","value":"1"},{"dateTime":"06:08:00","value":"1"},{"dateTime":"06:09:00","value":"1"},{"dateTime":"06:10:00","value":"1"},{"dateTime":"06:11:00","value":"1"},{"dateTime":"06:12:00","value":"1"},{"dateTime":"06:13:00","value":"1"},{"dateTime":"06:14:00","value":"1"},{"dateTime":"06:15:00","value":"1"},{"dateTime":"06:16:00","value":"1"},{"dateTime":"06:17:00","value":"1"},{"dateTime":"06:18:00","value":"1"},{"dateTime":"06:19:00","value":"1"},{"dateTime":"06:20:00","value":"1"},{"dateTime":"06:21:00","value":"1"},{"dateTime":"06:22:00","value":"1"},{"dateTime":"06:23:00","value":"1"},{"dateTime":"06:24:00","value":"1"},{"dateTime":"06:25:00","value":"1"},{"dateTime":"06:26:00","value":"1"},{"dateTime":"06:27:00","value":"1"},{"dateTime":"06:28:00","value":"1"},{"dateTime":"06:29:00","value":"1"},{"dateTime":"06:30:00","value":"1"},{"dateTime":"06:31:00","value":"1"},{"dateTime":"06:32:00","value":"1"},{"dateTime":"06:33:00","value":"1"},{"dateTime":"06:34:00","value":"1"},{"dateTime":"06:35:00","value":"1"},{"dateTime":"06:36:00","value":"1"},{"dateTime":"06:37:00","value":"1"},{"dateTime":"06:38:00","value":"1"},{"dateTime":"06:39:00","value":"1"},{"dateTime":"06:40:00","value":"1"},{"dateTime":"06:41:00","value":"1"},{"dateTime":"06:42:00","value":"1"},{"dateTime":"06:43:00","value":"1"},{"dateTime":"06:44:00","value":"1"},{"dateTime":"06:45:00","value":"1"},{"dateTime":"06:46:00","value":"1"},{"dateTime":"06:47:00","value":"1"},{"dateTime":"06:48:00","value":"1"},{"dateTime":"06:49:00","value":"1"},{"dateTime":"06:50:00","value":"1"},{"dateTime":"06:51:00","value":"1"},{"dateTime":"06:52:00","value":"1"},{"dateTime":"06:53:00","value":"1"},{"dateTime":"06:54:00","value":"1"},{"dateTime":"06:55:00","value":"1"},{"dateTime":"06:56:00","value":"1"},{"dateTime":"06:57:00","value":"1"},{"dateTime":"06:58:00","value":"1"},{"dateTime":"06:59:00","value":"1"},{"dateTime":"07:00:00","value":"1"},{"dateTime":"07:01:00","value":"1"},{"dateTime":"07:02:00","value":"1"},{"dateTime":"07:03:00","value":"1"},{"dateTime":"07:04:00","value":"1"},{"dateTime":"07:05:00","value":"1"},{"dateTime":"07:06:00","value":"1"},{"dateTime":"07:07:00","value":"1"},{"dateTime":"07:08:00","value":"1"},{"dateTime":"07:09:00","value":"1"},{"dateTime":"07:10:00","value":"1"},{"dateTime":"07:11:00","value":"1"},{"dateTime":"07:12:00","value":"1"},{"dateTime":"07:13:00","value":"1"},{"dateTime":"07:14:00","value":"1"},{"dateTime":"07:15:00","value":"1"},{"dateTime":"07:16:00","value":"1"},{"dateTime":"07:17:00","value":"1"},{"dateTime":"07:18:00","value":"1"},{"dateTime":"07:19:00","value":"1"},{"dateTime":"07:20:00","value":"1"},{"dateTime":"07:21:00","value":"1"},{"dateTime":"07:22:00","value":"1"},{"dateTime":"07:23:00","value":"1"},{"dateTime":"07:24:00","value":"1"},{"dateTime":"07:25:00","value":"1"},{"dateTime":"07:26:00","value":"1"},{"dateTime":"07:27:00","value":"1"},{"dateTime":"07:28:00","value":"1"},{"dateTime":"07:29:00","value":"1"},{"dateTime":"07:30:00","value":"1"},{"dateTime":"07:31:00","value":"1"},{"dateTime":"07:32:00","value":"1"},{"dateTime":"07:33:00","value":"1"},{"dateTime":"07:34:00","value":"1"},{"dateTime":"07:35:00","value":"1"},{"dateTime":"07:36:00","value":"1"},{"dateTime":"07:37:00","value":"1"},{"dateTime":"07:38:00","value":"1"},{"dateTime":"07:39:00","value":"1"},{"dateTime":"07:40:00","value":"1"},{"dateTime":"07:41:00","value":"1"},{"dateTime":"07:42:00","value":"1"},{"dateTime":"07:43:00","value":"1"},{"dateTime":"07:44:00","value":"1"},{"dateTime":"07:45:00","value":"1"},{"dateTime":"07:46:00","value":"1"},{"dateTime":"07:47:00","value":"1"},{"dateTime":"07:48:00","value":"1"},{"dateTime":"07:49:00","value":"1"},{"dateTime":"07:50:00","value":"1"},{"dateTime":"07:51:00","value":"1"},{"dateTime":"07:52:00","value":"1"},{"dateTime":"07:53:00","value":"1"},{"dateTime":"07:54:00","value":"1"},{"dateTime":"07:55:00","value":"2"},{"dateTime":"07:56:00","value":"1"},{"dateTime":"07:57:00","value":"1"},{"dateTime":"07:58:00","value":"1"},{"dateTime":"07:59:00","value":"1"},{"dateTime":"08:00:00","value":"1"},{"dateTime":"08:01:00","value":"1"},{"dateTime":"08:02:00","value":"1"},{"dateTime":"08:03:00","value":"1"},{"dateTime":"08:04:00","value":"1"},{"dateTime":"08:05:00","value":"2"},{"dateTime":"08:06:00","value":"1"},{"dateTime":"08:07:00","value":"1"},{"dateTime":"08:08:00","value":"1"},{"dateTime":"08:09:00","value":"1"},{"dateTime":"08:10:00","value":"1"},{"dateTime":"08:11:00","value":"1"},{"dateTime":"08:12:00","value":"1"},{"dateTime":"08:13:00","value":"1"},{"dateTime":"08:14:00","value":"1"},{"dateTime":"08:15:00","value":"2"},{"dateTime":"08:16:00","value":"1"},{"dateTime":"08:17:00","value":"1"},{"dateTime":"08:18:00","value":"1"},{"dateTime":"08:19:00","value":"1"},{"dateTime":"08:20:00","value":"2"},{"dateTime":"08:21:00","value":"1"},{"dateTime":"08:22:00","value":"1"},{"dateTime":"08:23:00","value":"1"},{"dateTime":"08:24:00","value":"1"},{"dateTime":"08:25:00","value":"2"},{"dateTime":"08:26:00","value":"1"},{"dateTime":"08:27:00","value":"1"},{"dateTime":"08:28:00","value":"1"},{"dateTime":"08:29:00","value":"1"},{"dateTime":"08:30:00","value":"1"},{"dateTime":"08:31:00","value":"1"},{"dateTime":"08:32:00","value":"1"},{"dateTime":"08:33:00","value":"1"},{"dateTime":"08:34:00","value":"1"},{"dateTime":"08:35:00","value":"1"},{"dateTime":"08:36:00","value":"1"},{"dateTime":"08:37:00","value":"1"},{"dateTime":"08:38:00","value":"1"},{"dateTime":"08:39:00","value":"1"},{"dateTime":"08:40:00","value":"1"},{"dateTime":"08:41:00","value":"1"},{"dateTime":"08:42:00","value":"1"},{"dateTime":"08:43:00","value":"1"},{"dateTime":"08:44:00","value":"1"},{"dateTime":"08:45:00","value":"1"},{"dateTime":"08:46:00","value":"1"},{"dateTime":"08:47:00","value":"1"},{"dateTime":"08:48:00","value":"1"},{"dateTime":"08:49:00","value":"1"},{"dateTime":"08:50:00","value":"1"},{"dateTime":"08:51:00","value":"1"},{"dateTime":"08:52:00","value":"1"},{"dateTime":"08:53:00","value":"1"},{"dateTime":"08:54:00","value":"1"},{"dateTime":"08:55:00","value":"1"},{"dateTime":"08:56:00","value":"1"},{"dateTime":"08:57:00","value":"1"},{"dateTime":"08:58:00","value":"1"},{"dateTime":"08:59:00","value":"1"},{"dateTime":"09:00:00","value":"1"},{"dateTime":"09:01:00","value":"1"},{"dateTime":"09:02:00","value":"2"},{"dateTime":"09:03:00","value":"1"},{"dateTime":"09:04:00","value":"1"},{"dateTime":"09:05:00","value":"1"},{"dateTime":"09:06:00","value":"1"},{"dateTime":"09:07:00","value":"1"},{"dateTime":"09:08:00","value":"1"},{"dateTime":"09:09:00","value":"1"},{"dateTime":"09:10:00","value":"1"},{"dateTime":"09:11:00","value":"1"},{"dateTime":"09:12:00","value":"1"},{"dateTime":"09:13:00","value":"1"},{"dateTime":"09:14:00","value":"1"},{"dateTime":"09:15:00","value":"1"},{"dateTime":"09:16:00","value":"2"},{"dateTime":"09:17:00","value":"1"},{"dateTime":"09:18:00","value":"1"},{"dateTime":"09:19:00","value":"1"},{"dateTime":"09:20:00","value":"2"},{"dateTime":"09:21:00","value":"1"},{"dateTime":"09:22:00","value":"1"},{"dateTime":"09:23:00","value":"1"},{"dateTime":"09:24:00","value":"1"},{"dateTime":"09:25:00","value":"1"},{"dateTime":"09:26:00","value":"1"},{"dateTime":"09:27:00","value":"1"},{"dateTime":"09:28:00","value":"1"},{"dateTime":"09:29:00","value":"1"},{"dateTime":"09:30:00","value":"1"},{"dateTime":"09:31:00","value":"1"},{"dateTime":"09:32:00","value":"1"},{"dateTime":"09:33:00","value":"1"},{"dateTime":"09:34:00","value":"1"},{"dateTime":"09:35:00","value":"1"},{"dateTime":"09:36:00","value":"1"}],"minutesAfterWakeup":0,"minutesAsleep":428,"minutesAwake":14,"minutesToFallAsleep":0,"restlessCount":11,"restlessDuration":13,"startTime":"2016-04-05T02:15:00.000","timeInBed":442}],"summary":{"totalMinutesAsleep":428,"totalSleepRecords":1,"totalTimeInBed":442}}