{"activities-heart":[{"dateTime":"2016-04-10","value":{"customHeartRateZones":[],"heartRateZones":[{"caloriesOut":591.23344,"max":97,"min":30,"minutes":242,"name":"Out of Range"},{"caloriesOut":1745.75708,"max":136,"min":97,"minutes":273,"name":"Fat Burn"},{"caloriesOut":42.10452,"max":165,"min":136,"minutes":4,"name":"Cardio"},{"caloriesOut":0,"max":220,"min":165,"minutes":0,"name":"Peak"}]}}],"activities-heart-intraday":{"dataset":[{"time":"00:00:00","value":81},{"time":"00:01:00","value":86},{"time":"00:02:00","value":92},{"time":"00:03:00","value":89},{"time":"00:04:00","value":87},{"time":"00:05:00","value":89},{"time":"00:06:00","value":96},{"time":"00:07:00","value":96},{"time":"00:08:00","value":90},{"time":"00:09:00","value":84},{"time":"00:10:00","value":85},{"time":"00:11:00","value":84},{"time":"00:12:00","value":82},{"time":"00:13:00","value":81},{"time":"00:14:00","value":81},{"time":"00:15:00","value":78},{"time":"00:16:00","value":80},{"time":"00:17:00","value":86},{"time":"00:18:00","value":85},{"time":"00:19:00","value":86},{"time":"00:20:00","value":85},{"time":"00:21:00","value":82},{"time":"00:22:00","value":79},{"time":"00:23:00","value":89},{"time":"00:24:00","value":94},{"time":"00:25:00","value":88},{"time":"00:26:00","value":85},{"time":"00:27:00","value":83},{"time":"00:28:00","value":84},{"time":"00:29:00","value":86},{"time":"00:30:00","value":82},{"time":"00:31:00","value":81},{"time":"00:32:00","value":78},{"time":"00:33:00","value":77},{"time":"00:34:00","value":77},{"time":"00:35:00","value":80},{"time":"00:36:00","value":80},{"time":"00:37:00","value":81},{"time":"00:38:00","value":86},{"time":"00:39:00","value":84},{"time":"00:40:00","value":82},{"time":"00:41:00","value":81},{"time":"00:42:00","value":80},{"time":"00:43:00","value":79},{"time":"00:44:00","value":81},{"time":"00:45:00","value":79},{"time":"00:46:00","value":82},{"time":"00:47:00","value":82},{"time":"00:48:00","value":81},{"time":"00:49:00","value":80},{"time":"00:50:00","value":84},{"time":"00:51:00","value":87},{"time":"00:52:00","value":91},{"time":"00:53:00","value":82},{"time":"00:54:00","value":81},{"time":"00:55:00","value":84},{"time":"00:56:00","value":96},{"time":"00:57:00","value":90},{"time":"00:58:00","value":82},{"time":"00:59:00","value":82},{"time":"01:00:00","value":86},{"time":"01:01:00","value":90},{"time":"01:02:00","value":94},{"time":"01:03:00","value":93},{"time":"01:04:00","value":88},{"time":"01:05:00","value":85},{"time":"01:06:00","value":83},{"time":"01:07:00","value":84},{"time":"01:08:00","value":84},{"time":"01:09:00","value":83},{"time":"01:10:00","value":84},{"time":"01:11:00","value":86},{"time":"01:12:00","value":84},{"time":"01:13:00","value":85},{"time":"01:14:00","value":87},{"time":"01:15:00","value":88},{"time":"01:16:00","value":88},{"time":"01:17:00","value":88},{"time":"01:18:00","value":85},{"time":"01:19:00","value":88},{"time":"01:20:00","value":92},{"time":"01:21:00","value":94},{"time":"01:22:00","value":97},{"time":"01:23:00","value":94},{"time":"01:24:00","value":86},{"time":"01:25:00","value":79},{"time":"01:26:00","value":99},{"time":"01:27:00","value":100},{"time":"01:28:00","value":101},{"time":"01:29:00","value":96},{"time":"01:30:00","value":93},{"time":"01:31:00","value":91},{"time":"01:32:00","value":89},{"time":"01:33:00","value":87},{"time":"01:34:00","value":84},{"time":"01:35:00","value":86},{"time":"01:36:00","value":87},{"time":"01:37:00","value":88},{"time":"01:38:00","value":86},{"time":"01:39:00","value":83},{"time":"01:40:00","value":84},{"time":"01:41:00","value":80},{"time":"01:42:00","value":83},{"time":"01:43:00","value":89},{"time":"01:44:00","value":95},{"time":"01:45:00","value":91},{"time":"01:46:00","value":89},{"time":"01:47:00","value":87},{"time":"01:48:00","value":83},{"time":"01:49:00","value":80},{"time":"01:50:00","value":83},{"time":"01:51:00","value":81},{"time":"01:52:00","value":83},{"time":"01:53:00","value":84},{"time":"01:54:00","value":85},{"time":"01:55:00","value":84},{"time":"01:56:00","value":82},{"time":"01:57:00","value":85},{"time":"01:58:00","value":85},{"time":"01:59:00","value":85},{"time":"02:00:00","value":93},{"time":"02:01:00","value":94},{"time":"02:02:00","value":92},{"time":"02:03:00","value":93},{"time":"02:04:00","value":88},{"time":"02:05:00","value":88},{"time":"02:06:00","value":88},{"time":"02:07:00","value":89},{"time":"02:08:00","value":89},{"time":"02:09:00","value":87},{"time":"02:10:00","value":87},{"time":"02:11:00","value":93},{"time":"02:12:00","value":91},{"time":"02:13:00","value":89},{"time":"02:14:00","value":93},{"time":"02:15:00","value":90},{"time":"02:16:00","value":89},{"time":"02:17:00","value":89},{"time":"02:18:00","value":91},{"time":"02:19:00","value":92},{"time":"02:20:00","value":91},{"time":"02:21:00","value":89},{"time":"02:22:00","value":86},{"time":"02:23:00","value":83},{"time":"02:24:00","value":84},{"time":"02:25:00","value":90},{"time":"02:26:00","value":90},{"time":"02:27:00","value":92},{"time":"02:28:00","value":90},{"time":"02:29:00","value":87},{"time":"02:30:00","value":90},{"time":"02:31:00","value":98},{"time":"02:32:00","value":95},{"time":"02:33:00","value":91},{"time":"02:34:00","value":91},{"time":"02:35:00","value":92},{"time":"02:36:00","value":89},{"time":"02:37:00","value":89},{"time":"02:38:00","value":85},{"time":"02:39:00","value":80},{"time":"02:40:00","value":83},{"time":"02:41:00","value":86},{"time":"02:42:00","value":97},{"time":"02:43:00","value":93},{"time":"02:44:00","value":91},{"time":"02:45:00","value":89},{"time":"02:46:00","value":92},{"time":"02:48:00","value":88},{"time":"02:49:00","value":87},{"time":"02:50:00","value":85},{"time":"02:51:00","value":85},{"time":"02:52:00","value":83},{"time":"02:53:00","value":80},{"time":"02:54:00","value":81},{"time":"02:55:00","value":81},{"time":"02:56:00","value":80},{"time":"02:57:00","value":83},{"time":"02:58:00","value":84},{"time":"02:59:00","value":85},{"time":"03:00:00","value":86},{"time":"03:01:00","value":83},{"time":"03:02:00","value":85},{"time":"03:03:00","value":85},{"time":"03:04:00","value":82},{"time":"03:05:00","value":75},{"time":"03:06:00","value":74},{"time":"03:07:00","value":74},{"time":"03:08:00","value":74},{"time":"03:09:00","value":79},{"time":"03:10:00","value":99},{"time":"03:11:00","value":104},{"time":"03:12:00","value":105},{"time":"03:13:00","value":102},{"time":"03:14:00","value":95},{"time":"03:15:00","value":93},{"time":"03:16:00","value":97},{"time":"03:17:00","value":96},{"time":"03:18:00","value":95},{"time":"03:19:00","value":97},{"time":"03:20:00","value":97},{"time":"03:21:00","value":95},{"time":"03:22:00","value":113},{"time":"03:23:00","value":108},{"time":"03:24:00","value":104},{"time":"03:25:00","value":102},{"time":"03:26:00","value":92},{"time":"03:27:00","value":89},{"time":"03:28:00","value":91},{"time":"03:29:00","value":92},{"time":"03:30:00","value":93},{"time":"03:31:00","value":93},{"time":"03:32:00","value":91},{"time":"03:33:00","value":91},{"time":"03:34:00","value":92},{"time":"03:35:00","value":92},{"time":"03:36:00","value":90},{"time":"03:37:00","value":91},{"time":"03:38:00","value":95},{"time":"03:39:00","value":97},{"time":"03:40:00","value":93},{"time":"03:41:00","value":94},{"time":"03:42:00","value":94},{"time":"03:43:00","value":97},{"time":"03:44:00","value":98},{"time":"03:45:00","value":93},{"time":"03:46:00","value":88},{"time":"03:47:00","value":87},{"time":"03:49:00","value":88},{"time":"03:50:00","value":88},{"time":"03:51:00","value":91},{"time":"03:52:00","value":90},{"time":"03:53:00","value":90},{"time":"03:54:00","value":90},{"time":"03:55:00","value":97},{"time":"03:56:00","value":98},{"time":"03:57:00","value":103},{"time":"03:58:00","value":108},{"time":"03:59:00","value":114},{"time":"04:00:00","value":111},{"time":"04:01:00","value":112},{"time":"04:02:00","value":109},{"time":"04:03:00","value":113},{"time":"04:04:00","value":107},{"time":"04:05:00","value":112},{"time":"04:06:00","value":111},{"time":"04:07:00","value":104},{"time":"04:08:00","value":105},{"time":"04:09:00","value":104},{"time":"04:10:00","value":104},{"time":"04:11:00","value":105},{"time":"04:12:00","value":102},{"time":"04:13:00","value":105},{"time":"04:14:00","value":102},{"time":"04:15:00","value":103},{"time":"04:16:00","value":106},{"time":"04:17:00","value":99},{"time":"04:18:00","value":98},{"time":"04:19:00","value":107},{"time":"04:20:00","value":110},{"time":"04:21:00","value":108},{"time":"04:22:00","value":102},{"time":"04:27:00","value":85},{"time":"04:28:00","value":96},{"time":"04:29:00","value":99},{"time":"04:30:00","value":95},{"time":"04:31:00","value":98},{"time":"04:32:00","value":99},{"time":"04:33:00","value":99},{"time":"04:34:00","value":97},{"time":"04:35:00","value":96},{"time":"04:36:00","value":94},{"time":"04:37:00","value":96},{"time":"04:38:00","value":93},{"time":"04:39:00","value":92},{"time":"04:40:00","value":91},{"time":"04:41:00","value":103},{"time":"04:42:00","value":114},{"time":"04:43:00","value":116},{"time":"04:44:00","value":114},{"time":"04:45:00","value":119},{"time":"04:46:00","value":113},{"time":"04:47:00","value":111},{"time":"04:48:00","value":111},{"time":"04:49:00","value":110},{"time":"04:50:00","value":98},{"time":"04:51:00","value":99},{"time":"04:52:00","value":108},{"time":"04:53:00","value":117},{"time":"20:08:00","value":94},{"time":"20:09:00","value":93},{"time":"20:10:00","value":96},{"time":"20:11:00","value":92},{"time":"20:12:00","value":96},{"time":"20:13:00","value":93},{"time":"20:14:00","value":94},{"time":"20:15:00","value":93},{"time":"20:16:00","value":93},{"time":"20:17:00","value":93},{"time":"20:18:00","value":101},{"time":"20:19:00","value":98},{"time":"20:20:00","value":99},{"time":"20:21:00","value":102},{"time":"20:22:00","value":106},{"time":"20:23:00","value":108},{"time":"20:24:00","value":111},{"time":"20:25:00","value":106},{"time":"20:26:00","value":103},{"time":"20:27:00","value":109},{"time":"20:28:00","value":104},{"time":"20:29:00","value":101},{"time":"20:30:00","value":107},{"time":"20:31:00","value":112},{"time":"20:32:00","value":115},{"time":"20:33:00","value":115},{"time":"20:34:00","value":110},{"time":"20:35:00","value":113},{"time":"20:36:00","value":125},{"time":"20:37:00","value":119},{"time":"20:38:00","value":118},{"time":"20:39:00","value":118},{"time":"20:40:00","value":124},{"time":"20:41:00","value":123},{"time":"20:42:00","value":118},{"time":"20:43:00","value":110},{"time":"20:44:00","value":104},{"time":"20:45:00","value":112},{"time":"20:46:00","value":117},{"time":"20:47:00","value":121},{"time":"20:48:00","value":118},{"time":"20:49:00","value":128},{"time":"20:50:00","value":136},{"time":"20:51:00","value":143},{"time":"20:52:00","value":149},{"time":"20:53:00","value":133},{"time":"20:54:00","value":126},{"time":"20:55:00","value":133},{"time":"20:56:00","value":128},{"time":"20:57:00","value":123},{"time":"20:58:00","value":121},{"time":"20:59:00","value":124},{"time":"21:00:00","value":122},{"time":"21:01:00","value":122},{"time":"21:02:00","value":124},{"time":"21:03:00","value":127},{"time":"21:04:00","value":134},{"time":"21:05:00","value":142},{"time":"21:06:00","value":128},{"time":"21:07:00","value":125},{"time":"21:08:00","value":121},{"time":"21:09:00","value":114},{"time":"21:10:00","value":110},{"time":"21:11:00","value":107},{"time":"21:12:00","value":108},{"time":"21:13:00","value":116},{"time":"21:14:00","value":118},{"time":"21:15:00","value":112},{"time":"21:16:00","value":110},{"time":"21:17:00","value":111},{"time":"21:18:00","value":109},{"time":"21:19:00","value":110},{"time":"21:20:00","value":105},{"time":"21:21:00","value":103},{"time":"21:22:00","value":103},{"time":"21:23:00","value":106},{"time":"21:24:00","value":111},{"time":"21:25:00","value":113},{"time":"21:26:00","value":112},{"time":"21:27:00","value":110},{"time":"21:28:00","value":106},{"time":"21:29:00","value":107},{"time":"21:30:00","value":107},{"time":"21:31:00","value":113},{"time":"21:32:00","value":114},{"time":"21:33:00","value":117},{"time":"21:34:00","value":108},{"time":"21:35:00","value":113},{"time":"21:36:00","value":120},{"time":"21:37:00","value":122},{"time":"21:38:00","value":119},{"time":"21:39:00","value":118},{"time":"21:40:00","value":118},{"time":"21:41:00","value":118},{"time":"21:42:00","value":115},{"time":"21:43:00","value":124},{"time":"21:44:00","value":123},{"time":"21:45:00","value":114},{"time":"21:46:00","value":115},{"time":"21:47:00","value":116},{"time":"21:48:00","value":115},{"time":"21:49:00","value":116},{"time":"21:50:00","value":120},{"time":"21:51:00","value":126},{"time":"21:52:00","value":119},{"time":"21:53:00","value":104},{"time":"21:54:00","value":105},{"time":"21:55:00","value":95},{"time":"21:56:00","value":110},{"time":"21:57:00","value":114},{"time":"21:58:00","value":112},{"time":"21:59:00","value":115},{"time":"22:00:00","value":120},{"time":"22:01:00","value":120},{"time":"22:02:00","value":121},{"time":"22:03:00","value":121},{"time":"22:04:00","value":113},{"time":"22:05:00","value":105},{"time":"22:06:00","value":109},{"time":"22:07:00","value":109},{"time":"22:08:00","value":110},{"time":"22:09:00","value":113},{"time":"22:10:00","value":105},{"time":"22:11:00","value":111},{"time":"22:12:00","value":113},{"time":"22:13:00","value":113},{"time":"22:14:00","value":98},{"time":"22:15:00","value":98},{"time":"22:16:00","value":95},{"time":"22:17:00","value":98},{"time":"22:18:00","value":100},{"time":"22:19:00","value":95},{"time":"22:20:00","value":107},{"time":"22:21:00","value":110},{"time":"22:22:00","value":107},{"time":"22:23:00","value":108},{"time":"22:24:00","value":112},{"time":"22:25:00","value":118},{"time":"22:26:00","value":118},{"time":"22:27:00","value":117},{"time":"22:28:00","value":115},{"time":"22:29:00","value":115},{"time":"22:30:00","value":117},{"time":"22:31:00","value":115},{"time":"22:32:00","value":118},{"time":"22:33:00","value":120},{"time":"22:34:00","value":123},{"time":"22:35:00","value":122},{"time":"22:36:00","value":122},{"time":"22:37:00","value":118},{"time":"22:38:00","value":120},{"time":"22:39:00","value":115},{"time":"22:40:00","value":111},{"time":"22:41:00","value":109},{"time":"22:42:00","value":102},{"time":"22:43:00","value":106},{"time":"22:44:00","value":104},{"time":"22:45:00","value":102},{"time":"22:46:00","value":99},{"time":"22:47:00","value":91},{"time":"22:48:00","value":92},{"time":"22:49:00","value":92},{"time":"22:50:00","value":91},{"time":"22:51:00","value":103},{"time":"22:52:00","value":112},{"time":"22:53:00","value":112},{"time":"22:54:00","value":110},{"time":"22:55:00","value":113},{"time":"22:56:00","value":97},{"time":"22:57:00","value":108},{"time":"22:58:00","value":118},{"time":"22:59:00","value":125},{"time":"23:00:00","value":125},{"time":"23:01:00","value":123},{"time":"23:02:00","value":120},{"time":"23:03:00","value":114},{"time":"23:04:00","value":110},{"time":"23:05:00","value":108},{"time":"23:06:00","value":107},{"time":"23:07:00","value":107},{"time":"23:08:00","value":106},{"time":"23:09:00","value":113},{"time":"23:10:00","value":113},{"time":"23:11:00","value":114},{"time":"23:12:00","value":114},{"time":"23:13:00","value":115},{"time":"23:14:00","value":109},{"time":"23:15:00","value":116},{"time":"23:16:00","value":116},{"time":"23:17:00","value":115},{"time":"23:18:00","value":110},{"time":"23:19:00","value":95},{"time":"23:20:00","value":101},{"time":"23:21:00","value":116},{"time":"23:22:00","value":118},{"time":"23:23:00","value":121},{"time":"23:24:00","value":123},{"time":"23:25:00","value":121},{"time":"23:26:00","value":126},{"time":"23:27:00","value":132},{"time":"23:28:00","value":123},{"time":"23:29:00","value":110},{"time":"23:30:00","value":99},{"time":"23:31:00","value":95},{"time":"23:32:00","value":96},{"time":"23:33:00","value":97},{"time":"23:34:00","value":97},{"time":"23:35:00","value":97},{"time":"23:36:00","value":101},{"time":"23:37:00","value":101},{"time":"23:38:00","value":101},{"time":"23:39:00","value":104},{"time":"23:40:00","value":106},{"time":"23:41:00","value":118},{"time":"23:42:00","value":117},{"time":"23:43:00","value":119},{"time":"23:44:00","value":117},{"time":"23:45:00","value":116},{"time":"23:47:00","value":106},{"time":"23:48:00","value":105},{"time":"23:49:00","value":116},{"time":"23:50:00","value":115},{"time":"23:51:00","value":118},{"time":"23:52:00","value":106},{"time":"23:53:00","value":109},{"time":"23:54:00","value":112},{"time":"23:55:00","value":111},{"time":"23:56:00","value":117},{"time":"23:57:00","value":114},{"time":"23:58:00","value":116},{"time":"23:59:00","value":114}],"datasetInterval":1,"datasetType":"minute"}}